2026-09-05 05:21:16,647 - INFO - Bo cuc IoT: 'federated_data' -> '100client'
2026-09-05 05:21:44,880 - INFO - Ho so bo du lieu: iot | 34 lop | 6 task [6, 6, 6, 6, 5, 5] | 33 dac trung (do tu client_0_task_1.pt) | remap nhan theo task_mapping_label_ids.json | dong bo 14 bien qua cac module
2026-09-05 05:21:45,206 - INFO - Thiet bi: cuda | pool 100 client | 30 round/task | Flower simulation (Ray)
2026-09-05 05:21:45,206 - INFO - Client co du lieu tung task: task0=47
2026-09-05 05:21:45,489 - INFO - Nap global test: /kaggle/input/datasets/tongxuanvu/iot100client/100client/global_test_data.pt
2026-09-05 05:21:46,666 - INFO - Global test goc: n=14002687
2026-09-05 05:21:47,387 - INFO - Task 0: loc ve lop 0-5 -> n=3963952
2026-09-05 05:21:47,387 - INFO - Danh gia moi round tren n=3963952 mau (dtype=float32)
2026-09-05 05:21:47,390 - INFO - ===== Task 0: 47 client, 30 round =====
2026-09-05 05:21:49,502 - INFO - setup plugin alembic.autogenerate.schemas
2026-09-05 05:21:49,502 - INFO - setup plugin alembic.autogenerate.tables
2026-09-05 05:21:49,502 - INFO - setup plugin alembic.autogenerate.types
2026-09-05 05:21:49,502 - INFO - setup plugin alembic.autogenerate.constraints
2026-09-05 05:21:49,502 - INFO - setup plugin alembic.autogenerate.defaults
2026-09-05 05:21:49,502 - INFO - setup plugin alembic.autogenerate.comments
2026-09-05 05:22:05,408 - WARNING - DEPRECATED FEATURE: flwr.simulation.start_simulation() is deprecated.
	Instead, use the `flwr run` CLI command to start a local simulation in your Flower app, as shown for example below:

		$ flwr new  # Create a new Flower app from a template

		$ flwr run  # Run the Flower app in Simulation Mode

	Using `start_simulation()` is deprecated.

            This is a deprecated feature. It will be removed
            entirely in future versions of Flower.
        
2026-09-05 05:22:05,409 - INFO - Starting Flower simulation, config: num_rounds=30, no round_timeout
2026-09-05 05:22:16,567 - INFO - Flower VCE: Ray initialized with resources: {'GPU': 2.0, 'memory': 21405632103.0, 'CPU': 4.0, 'object_store_memory': 9173842329.0, 'accelerator_type:T4': 1.0, 'node:__internal_head__': 1.0, 'node:172.19.2.2': 1.0}
2026-09-05 05:22:16,568 - INFO - Optimize your simulation with Flower VCE: https://flower.ai/docs/framework/how-to-run-simulations.html
2026-09-05 05:22:16,568 - INFO - Flower VCE: Resources for each Virtual Client: {'num_cpus': 1.0, 'num_gpus': 0.5}
2026-09-05 05:22:16,603 - INFO - Flower VCE: Creating VirtualClientEngineActorPool with 4 actors
2026-09-05 05:22:16,604 - INFO - [INIT]
2026-09-05 05:22:16,604 - INFO - Using initial global parameters provided by strategy
2026-09-05 05:22:16,604 - INFO - Starting evaluation of initial global parameters
2026-09-05 05:22:16,607 - INFO - Evaluation returned no results (`None`)
2026-09-05 05:22:16,607 - INFO - 
2026-09-05 05:22:16,607 - INFO - [ROUND 1]
2026-09-05 05:22:16,608 - INFO - configure_fit: strategy sampled 47 clients (out of 47)
2026-09-05 05:24:23,688 - INFO - aggregate_fit: received 47 results and 0 failures
2026-09-05 05:24:23,807 - INFO - [Round 1] TOPSIS giu 38/47 | C_i 0.2051..1.0000
2026-09-05 05:24:23,864 - INFO - [Round 1] |C| 7 -> 6 (cum phai > m=5 thi Multi-Krum moi loc)
2026-09-05 05:24:23,879 - INFO - [Round 1] 6 cum (Eq.14) | giu 30/38 update | diem Krum 4.487e+02..1.719e+06
2026-09-05 05:24:23,886 - INFO - [Round 1] luu checkpoint -> /kaggle/working/results_fediov_iot_full_task0/checkpoints/round_001.pth
2026-09-05 05:25:46,111 - INFO - [Round 1] loss=2.7202 acc=0.0102 | micro P/R/F1=0.0102/0.0102/0.0102 | macro P/R/F1=0.1861/0.1667/0.0034 | weighted P/R/F1=0.3424/0.0102/0.0004
2026-09-05 05:25:46,111 - INFO - fit progress: (1, 2.7202441349995037, {'accuracy': 0.010182262550101516, 'micro_precision': 0.010182262550101516, 'micro_recall': 0.010182262550101516, 'micro_f1': 0.010182262550101516, 'macro_precision': 0.1861271573727863, 'macro_recall': 0.16671564545193027, 'macro_f1': 0.003446353547087212, 'weighted_precision': 0.3424388664642616, 'weighted_recall': 0.010182262550101516, 'weighted_f1': 0.00037584355783224486}, 209.503944407)
2026-09-05 05:25:46,111 - INFO - configure_evaluate: no clients selected, skipping evaluation
2026-09-05 05:25:46,112 - INFO - 
2026-09-05 05:25:46,112 - INFO - [ROUND 2]
2026-09-05 05:25:46,112 - INFO - configure_fit: strategy sampled 47 clients (out of 47)
2026-09-05 05:27:22,130 - INFO - aggregate_fit: received 47 results and 0 failures
2026-09-05 05:27:22,237 - INFO - [Round 2] TOPSIS giu 38/47 | C_i 0.0002..1.0000
2026-09-05 05:27:22,294 - INFO - [Round 2] |C| 7 -> 6 (cum phai > m=5 thi Multi-Krum moi loc)
2026-09-05 05:27:22,307 - INFO - [Round 2] 6 cum (Eq.14) | giu 30/38 update | diem Krum 4.429e+02..1.719e+06
2026-09-05 05:27:22,313 - INFO - [Round 2] luu checkpoint -> /kaggle/working/results_fediov_iot_full_task0/checkpoints/round_002.pth
2026-09-05 05:28:44,008 - INFO - [Round 2] loss=2.2855 acc=0.3705 | micro P/R/F1=0.3705/0.3705/0.3705 | macro P/R/F1=0.2359/0.4971/0.2837 | weighted P/R/F1=0.1516/0.3705/0.2111
2026-09-05 05:28:44,009 - INFO - fit progress: (2, 2.2855051945556295, {'accuracy': 0.3705438410959568, 'micro_precision': 0.3705438410959568, 'micro_recall': 0.3705438410959568, 'micro_f1': 0.3705438410959568, 'macro_precision': 0.23590785363502728, 'macro_recall': 0.49708845776270344, 'macro_f1': 0.2837400418230508, 'weighted_precision': 0.15160848498759277, 'weighted_recall': 0.3705438410959568, 'weighted_f1': 0.21112558976863768}, 387.401378018)
2026-09-05 05:28:44,009 - INFO - configure_evaluate: no clients selected, skipping evaluation
2026-09-05 05:28:44,009 - INFO - 
2026-09-05 05:28:44,009 - INFO - [ROUND 3]
2026-09-05 05:28:44,009 - INFO - configure_fit: strategy sampled 47 clients (out of 47)
2026-09-05 05:30:22,772 - INFO - aggregate_fit: received 47 results and 0 failures
2026-09-05 05:30:22,875 - INFO - [Round 3] TOPSIS giu 38/47 | C_i 0.0000..1.0000
2026-09-05 05:30:22,932 - INFO - [Round 3] |C| 7 -> 6 (cum phai > m=5 thi Multi-Krum moi loc)
2026-09-05 05:30:22,945 - INFO - [Round 3] 6 cum (Eq.14) | giu 30/38 update | diem Krum 4.442e+02..1.719e+06
2026-09-05 05:30:22,951 - INFO - [Round 3] luu checkpoint -> /kaggle/working/results_fediov_iot_full_task0/checkpoints/round_003.pth
2026-09-05 05:31:45,112 - INFO - [Round 3] loss=2.0799 acc=0.3710 | micro P/R/F1=0.3710/0.3710/0.3710 | macro P/R/F1=0.2381/0.4983/0.2855 | weighted P/R/F1=0.1519/0.3710/0.2114
2026-09-05 05:31:45,113 - INFO - fit progress: (3, 2.079912214732367, {'accuracy': 0.37095984007879007, 'micro_precision': 0.37095984007879007, 'micro_recall': 0.37095984007879007, 'micro_f1': 0.37095984007879007, 'macro_precision': 0.23811598395495123, 'macro_recall': 0.49828889938268883, 'macro_f1': 0.28545871691073854, 'weighted_precision': 0.15192944980738876, 'weighted_recall': 0.37095984007879007, 'weighted_f1': 0.21142379701217942}, 568.5053201579999)
2026-09-05 05:31:45,113 - INFO - configure_evaluate: no clients selected, skipping evaluation
2026-09-05 05:31:45,113 - INFO - 
2026-09-05 05:31:45,113 - INFO - [ROUND 4]
2026-09-05 05:31:45,113 - INFO - configure_fit: strategy sampled 47 clients (out of 47)
2026-09-05 05:33:24,159 - INFO - aggregate_fit: received 47 results and 0 failures
2026-09-05 05:33:24,260 - INFO - [Round 4] TOPSIS giu 38/47 | C_i 0.0000..1.0000
2026-09-05 05:33:24,316 - INFO - [Round 4] |C| 7 -> 6 (cum phai > m=5 thi Multi-Krum moi loc)
2026-09-05 05:33:24,331 - INFO - [Round 4] 6 cum (Eq.14) | giu 30/38 update | diem Krum 4.480e+02..1.719e+06
2026-09-05 05:33:24,337 - INFO - [Round 4] luu checkpoint -> /kaggle/working/results_fediov_iot_full_task0/checkpoints/round_004.pth
2026-09-05 05:34:45,716 - INFO - [Round 4] loss=2.0215 acc=0.3711 | micro P/R/F1=0.3711/0.3711/0.3711 | macro P/R/F1=0.4010/0.4991/0.2840 | weighted P/R/F1=0.2344/0.3711/0.2112
2026-09-05 05:34:45,716 - INFO - fit progress: (4, 2.021457182720673, {'accuracy': 0.3710892563784829, 'micro_precision': 0.3710892563784829, 'micro_recall': 0.3710892563784829, 'micro_f1': 0.3710892563784829, 'macro_precision': 0.4009855925273793, 'macro_recall': 0.49907983201586625, 'macro_f1': 0.28398100204858084, 'weighted_precision': 0.23441608715688622, 'weighted_recall': 0.3710892563784829, 'weighted_f1': 0.2112139858839162}, 749.1091780620002)
2026-09-05 05:34:45,717 - INFO - configure_evaluate: no clients selected, skipping evaluation
2026-09-05 05:34:45,717 - INFO - 
2026-09-05 05:34:45,717 - INFO - [ROUND 5]
2026-09-05 05:34:45,717 - INFO - configure_fit: strategy sampled 47 clients (out of 47)
2026-09-05 05:36:21,109 - INFO - aggregate_fit: received 47 results and 0 failures
2026-09-05 05:36:21,208 - INFO - [Round 5] TOPSIS giu 38/47 | C_i 0.0000..1.0000
2026-09-05 05:36:21,266 - INFO - [Round 5] |C| 7 -> 6 (cum phai > m=5 thi Multi-Krum moi loc)
2026-09-05 05:36:21,280 - INFO - [Round 5] 6 cum (Eq.14) | giu 30/38 update | diem Krum 4.469e+02..1.719e+06
2026-09-05 05:36:21,286 - INFO - [Round 5] luu checkpoint -> /kaggle/working/results_fediov_iot_full_task0/checkpoints/round_005.pth
2026-09-05 05:37:43,090 - INFO - [Round 5] loss=1.9732 acc=0.3712 | micro P/R/F1=0.3712/0.3712/0.3712 | macro P/R/F1=0.4024/0.4993/0.2849 | weighted P/R/F1=0.2346/0.3712/0.2114
2026-09-05 05:37:43,410 - INFO - Luu /kaggle/working/results_fediov_iot_full_task0/confusion_matrix_task0.csv
2026-09-05 05:37:43,410 - INFO - Luu /kaggle/working/results_fediov_iot_full_task0/confusion_matrix_task0_normalized.csv
2026-09-05 05:37:44,436 - INFO - Luu /kaggle/working/results_fediov_iot_full_task0/classification_report_task0.txt
              precision    recall  f1-score   support

     class_0     0.0000    0.0000    0.0000   2160225
     class_1     1.0000    0.0003    0.0006    328980
     class_2     0.0000    0.0000    0.0000      1557
     class_3     0.3843    0.9987    0.5550   1347913
     class_4     0.1084    0.9990    0.1956     40019
     class_5     0.9218    0.9976    0.9582     85258

    accuracy                         0.3712   3963952
   macro avg     0.4024    0.4993    0.2849   3963952
weighted avg     0.2346    0.3712    0.2114   3963952

2026-09-05 05:37:44,718 - INFO - Luu /kaggle/working/results_fediov_iot_full_task0/confusion_matrix_task0.png
2026-09-05 05:37:44,718 - INFO - fit progress: (5, 1.9732367595857825, {'accuracy': 0.3711548474855397, 'micro_precision': 0.3711548474855397, 'micro_recall': 0.3711548474855397, 'micro_f1': 0.3711548474855397, 'macro_precision': 0.40241837755402377, 'macro_recall': 0.4992586132894665, 'macro_f1': 0.2849022580866853, 'weighted_precision': 0.23458813923168415, 'weighted_recall': 0.3711548474855397, 'weighted_f1': 0.2113589505833032}, 928.110650648)
2026-09-05 05:37:44,718 - INFO - configure_evaluate: no clients selected, skipping evaluation
2026-09-05 05:37:44,718 - INFO - 
2026-09-05 05:37:44,718 - INFO - [ROUND 6]
2026-09-05 05:37:44,718 - INFO - configure_fit: strategy sampled 47 clients (out of 47)
2026-09-05 05:39:20,745 - INFO - aggregate_fit: received 47 results and 0 failures
2026-09-05 05:39:20,846 - INFO - [Round 6] TOPSIS giu 38/47 | C_i 0.0000..1.0000
2026-09-05 05:39:20,904 - INFO - [Round 6] |C| 7 -> 6 (cum phai > m=5 thi Multi-Krum moi loc)
2026-09-05 05:39:20,918 - INFO - [Round 6] 6 cum (Eq.14) | giu 30/38 update | diem Krum 4.476e+02..1.719e+06
2026-09-05 05:39:20,924 - INFO - [Round 6] luu checkpoint -> /kaggle/working/results_fediov_iot_full_task0/checkpoints/round_006.pth
2026-09-05 05:40:42,794 - INFO - [Round 6] loss=1.9497 acc=0.3712 | micro P/R/F1=0.3712/0.3712/0.3712 | macro P/R/F1=0.4014/0.4995/0.2852 | weighted P/R/F1=0.2342/0.3712/0.2115
2026-09-05 05:40:42,795 - INFO - fit progress: (6, 1.949664431539449, {'accuracy': 0.3712325477200531, 'micro_precision': 0.3712325477200531, 'micro_recall': 0.3712325477200531, 'micro_f1': 0.3712325477200531, 'macro_precision': 0.401419202273716, 'macro_recall': 0.4995413874870973, 'macro_f1': 0.2851744755373873, 'weighted_precision': 0.23419994081340043, 'weighted_recall': 0.3712325477200531, 'weighted_f1': 0.21153094517477167}, 1106.187406808)
2026-09-05 05:40:42,795 - INFO - configure_evaluate: no clients selected, skipping evaluation
2026-09-05 05:40:42,795 - INFO - 
2026-09-05 05:40:42,795 - INFO - [ROUND 7]
2026-09-05 05:40:42,795 - INFO - configure_fit: strategy sampled 47 clients (out of 47)
2026-09-05 05:42:20,196 - INFO - aggregate_fit: received 47 results and 0 failures
2026-09-05 05:42:20,297 - INFO - [Round 7] TOPSIS giu 38/47 | C_i 0.0000..1.0000
2026-09-05 05:42:20,354 - INFO - [Round 7] |C| 7 -> 6 (cum phai > m=5 thi Multi-Krum moi loc)
2026-09-05 05:42:20,368 - INFO - [Round 7] 6 cum (Eq.14) | giu 30/38 update | diem Krum 4.473e+02..1.719e+06
2026-09-05 05:42:20,374 - INFO - [Round 7] luu checkpoint -> /kaggle/working/results_fediov_iot_full_task0/checkpoints/round_007.pth
2026-09-05 05:43:42,950 - INFO - [Round 7] loss=1.9708 acc=0.3732 | micro P/R/F1=0.3732/0.3732/0.3732 | macro P/R/F1=0.4034/0.5033/0.2941 | weighted P/R/F1=0.2344/0.3732/0.2154
2026-09-05 05:43:42,951 - INFO - fit progress: (7, 1.9707796555166401, {'accuracy': 0.3731513398749531, 'micro_precision': 0.3731513398749531, 'micro_recall': 0.3731513398749531, 'micro_f1': 0.3731513398749531, 'macro_precision': 0.40340419067996197, 'macro_recall': 0.5033153046593771, 'macro_f1': 0.294137565531238, 'weighted_precision': 0.23439822626200266, 'weighted_recall': 0.3731513398749531, 'weighted_f1': 0.21540986658290018}, 1286.3438585000001)
2026-09-05 05:43:42,951 - INFO - configure_evaluate: no clients selected, skipping evaluation
2026-09-05 05:43:42,951 - INFO - 
2026-09-05 05:43:42,952 - INFO - [ROUND 8]
2026-09-05 05:43:42,952 - INFO - configure_fit: strategy sampled 47 clients (out of 47)
2026-09-05 05:45:23,088 - INFO - aggregate_fit: received 47 results and 0 failures
2026-09-05 05:45:23,191 - INFO - [Round 8] TOPSIS giu 38/47 | C_i 0.0000..1.0000
2026-09-05 05:45:23,248 - INFO - [Round 8] |C| 7 -> 6 (cum phai > m=5 thi Multi-Krum moi loc)
2026-09-05 05:45:23,262 - INFO - [Round 8] 6 cum (Eq.14) | giu 30/38 update | diem Krum 4.488e+02..1.719e+06
2026-09-05 05:45:23,268 - INFO - [Round 8] luu checkpoint -> /kaggle/working/results_fediov_iot_full_task0/checkpoints/round_008.pth
2026-09-05 05:46:45,049 - INFO - [Round 8] loss=1.9278 acc=0.3724 | micro P/R/F1=0.3724/0.3724/0.3724 | macro P/R/F1=0.4031/0.5019/0.2906 | weighted P/R/F1=0.2345/0.3724/0.2139
2026-09-05 05:46:45,050 - INFO - fit progress: (8, 1.9278157647729905, {'accuracy': 0.372359957940964, 'micro_precision': 0.372359957940964, 'micro_recall': 0.372359957940964, 'micro_f1': 0.372359957940964, 'macro_precision': 0.40312227738324485, 'macro_recall': 0.5019485025213629, 'macro_f1': 0.29060689051756045, 'weighted_precision': 0.23454582981502936, 'weighted_recall': 0.372359957940964, 'weighted_f1': 0.21387371905918426}, 1468.44282557)
2026-09-05 05:46:45,050 - INFO - configure_evaluate: no clients selected, skipping evaluation
2026-09-05 05:46:45,051 - INFO - 
2026-09-05 05:46:45,051 - INFO - [ROUND 9]
2026-09-05 05:46:45,051 - INFO - configure_fit: strategy sampled 47 clients (out of 47)
2026-09-05 05:48:20,500 - INFO - aggregate_fit: received 47 results and 0 failures
2026-09-05 05:48:20,605 - INFO - [Round 9] TOPSIS giu 38/47 | C_i 0.0000..1.0000
2026-09-05 05:48:20,661 - INFO - [Round 9] |C| 7 -> 6 (cum phai > m=5 thi Multi-Krum moi loc)
2026-09-05 05:48:20,675 - INFO - [Round 9] 6 cum (Eq.14) | giu 30/38 update | diem Krum 4.478e+02..1.719e+06
2026-09-05 05:48:20,681 - INFO - [Round 9] luu checkpoint -> /kaggle/working/results_fediov_iot_full_task0/checkpoints/round_009.pth
2026-09-05 05:49:43,004 - INFO - [Round 9] loss=1.8098 acc=0.3717 | micro P/R/F1=0.3717/0.3717/0.3717 | macro P/R/F1=0.4029/0.5008/0.2880 | weighted P/R/F1=0.2346/0.3717/0.2127
2026-09-05 05:49:43,005 - INFO - fit progress: (9, 1.8097741389570157, {'accuracy': 0.37174743791044895, 'micro_precision': 0.37174743791044895, 'micro_recall': 0.37174743791044895, 'micro_f1': 0.37174743791044895, 'macro_precision': 0.40292826518136043, 'macro_recall': 0.5007752362596505, 'macro_f1': 0.28799908288442505, 'weighted_precision': 0.23459027118694525, 'weighted_recall': 0.37174743791044895, 'weighted_f1': 0.21270068648881313}, 1646.397695636)
2026-09-05 05:49:43,005 - INFO - configure_evaluate: no clients selected, skipping evaluation
2026-09-05 05:49:43,005 - INFO - 
2026-09-05 05:49:43,005 - INFO - [ROUND 10]
2026-09-05 05:49:43,005 - INFO - configure_fit: strategy sampled 47 clients (out of 47)
2026-09-05 05:51:17,896 - INFO - aggregate_fit: received 47 results and 0 failures
2026-09-05 05:51:18,003 - INFO - [Round 10] TOPSIS giu 38/47 | C_i 0.0000..1.0000
2026-09-05 05:51:18,060 - INFO - [Round 10] |C| 7 -> 6 (cum phai > m=5 thi Multi-Krum moi loc)
2026-09-05 05:51:18,075 - INFO - [Round 10] 6 cum (Eq.14) | giu 30/38 update | diem Krum 4.500e+02..1.719e+06
2026-09-05 05:51:18,081 - INFO - [Round 10] luu checkpoint -> /kaggle/working/results_fediov_iot_full_task0/checkpoints/round_010.pth
2026-09-05 05:52:40,066 - INFO - [Round 10] loss=1.8285 acc=0.3764 | micro P/R/F1=0.3764/0.3764/0.3764 | macro P/R/F1=0.4014/0.5103/0.3061 | weighted P/R/F1=0.2344/0.3764/0.2215
2026-09-05 05:52:40,377 - INFO - Luu /kaggle/working/results_fediov_iot_full_task0/confusion_matrix_task0.csv
2026-09-05 05:52:40,377 - INFO - Luu /kaggle/working/results_fediov_iot_full_task0/confusion_matrix_task0_normalized.csv
2026-09-05 05:52:41,364 - INFO - Luu /kaggle/working/results_fediov_iot_full_task0/classification_report_task0.txt
              precision    recall  f1-score   support

     class_0     0.0000    0.0000    0.0000   2160225
     class_1     0.9996    0.0658    0.1235    328980
     class_2     0.0000    0.0000    0.0000      1557
     class_3     0.3843    0.9980    0.5549   1347913
     class_4     0.1148    0.9995    0.2059     40019
     class_5     0.9100    0.9987    0.9523     85258

    accuracy                         0.3764   3963952
   macro avg     0.4014    0.5103    0.3061   3963952
weighted avg     0.2344    0.3764    0.2215   3963952

2026-09-05 05:52:41,596 - INFO - Luu /kaggle/working/results_fediov_iot_full_task0/confusion_matrix_task0.png
2026-09-05 05:52:41,596 - INFO - fit progress: (10, 1.828545952015672, {'accuracy': 0.37639809967426446, 'micro_precision': 0.37639809967426446, 'micro_recall': 0.37639809967426446, 'micro_f1': 0.37639809967426446, 'macro_precision': 0.40144885975430816, 'macro_recall': 0.5103324775657927, 'macro_f1': 0.3061095254806896, 'weighted_precision': 0.2343789611307643, 'weighted_recall': 0.37639809967426446, 'weighted_f1': 0.22151779516303988}, 1824.9891898450003)
2026-09-05 05:52:41,597 - INFO - configure_evaluate: no clients selected, skipping evaluation
2026-09-05 05:52:41,597 - INFO - 
2026-09-05 05:52:41,597 - INFO - [ROUND 11]
2026-09-05 05:52:41,597 - INFO - configure_fit: strategy sampled 47 clients (out of 47)
2026-09-05 05:54:17,178 - INFO - aggregate_fit: received 47 results and 0 failures
2026-09-05 05:54:17,277 - INFO - [Round 11] TOPSIS giu 38/47 | C_i 0.0000..1.0000
2026-09-05 05:54:17,334 - INFO - [Round 11] |C| 7 -> 6 (cum phai > m=5 thi Multi-Krum moi loc)
2026-09-05 05:54:17,349 - INFO - [Round 11] 6 cum (Eq.14) | giu 30/38 update | diem Krum 4.471e+02..1.719e+06
2026-09-05 05:54:17,355 - INFO - [Round 11] luu checkpoint -> /kaggle/working/results_fediov_iot_full_task0/checkpoints/round_011.pth
2026-09-05 05:55:39,346 - INFO - [Round 11] loss=1.8266 acc=0.3784 | micro P/R/F1=0.3784/0.3784/0.3784 | macro P/R/F1=0.4042/0.5140/0.3145 | weighted P/R/F1=0.2347/0.3784/0.2249
2026-09-05 05:55:39,347 - INFO - fit progress: (11, 1.8266146882506442, {'accuracy': 0.37836684197992304, 'micro_precision': 0.37836684197992304, 'micro_recall': 0.37836684197992304, 'micro_f1': 0.37836684197992304, 'macro_precision': 0.40424433500203055, 'macro_recall': 0.5140311776923127, 'macro_f1': 0.3144796177524865, 'weighted_precision': 0.23467762200820977, 'weighted_recall': 0.37836684197992304, 'weighted_f1': 0.2249157724338891}, 2002.7394118220002)
2026-09-05 05:55:39,347 - INFO - configure_evaluate: no clients selected, skipping evaluation
2026-09-05 05:55:39,347 - INFO - 
2026-09-05 05:55:39,347 - INFO - [ROUND 12]
2026-09-05 05:55:39,347 - INFO - configure_fit: strategy sampled 47 clients (out of 47)
2026-09-05 05:57:19,038 - INFO - aggregate_fit: received 47 results and 0 failures
2026-09-05 05:57:19,137 - INFO - [Round 12] TOPSIS giu 38/47 | C_i 0.0000..1.0000
2026-09-05 05:57:19,194 - INFO - [Round 12] |C| 7 -> 6 (cum phai > m=5 thi Multi-Krum moi loc)
2026-09-05 05:57:19,208 - INFO - [Round 12] 6 cum (Eq.14) | giu 30/38 update | diem Krum 4.494e+02..1.719e+06
2026-09-05 05:57:19,214 - INFO - [Round 12] luu checkpoint -> /kaggle/working/results_fediov_iot_full_task0/checkpoints/round_012.pth
2026-09-05 05:58:40,622 - INFO - [Round 12] loss=1.7965 acc=0.3757 | micro P/R/F1=0.3757/0.3757/0.3757 | macro P/R/F1=0.5051/0.5089/0.3053 | weighted P/R/F1=0.2351/0.3757/0.2202
2026-09-05 05:58:40,623 - INFO - fit progress: (12, 1.7965060474951404, {'accuracy': 0.3756917339059605, 'micro_precision': 0.3756917339059605, 'micro_recall': 0.3756917339059605, 'micro_f1': 0.3756917339059605, 'macro_precision': 0.5051284141320469, 'macro_recall': 0.5089161696382061, 'macro_f1': 0.3053281281669619, 'weighted_precision': 0.23508199636983976, 'weighted_recall': 0.3756917339059605, 'weighted_f1': 0.2201948235847464}, 2184.015448977)
2026-09-05 05:58:40,623 - INFO - configure_evaluate: no clients selected, skipping evaluation
2026-09-05 05:58:40,623 - INFO - 
2026-09-05 05:58:40,623 - INFO - [ROUND 13]
2026-09-05 05:58:40,623 - INFO - configure_fit: strategy sampled 47 clients (out of 47)
2026-09-05 06:00:15,943 - INFO - aggregate_fit: received 47 results and 0 failures
2026-09-05 06:00:16,042 - INFO - [Round 13] TOPSIS giu 38/47 | C_i 0.0000..1.0000
2026-09-05 06:00:16,099 - INFO - [Round 13] |C| 7 -> 6 (cum phai > m=5 thi Multi-Krum moi loc)
2026-09-05 06:00:16,113 - INFO - [Round 13] 6 cum (Eq.14) | giu 30/38 update | diem Krum 4.488e+02..1.719e+06
2026-09-05 06:00:16,118 - INFO - [Round 13] luu checkpoint -> /kaggle/working/results_fediov_iot_full_task0/checkpoints/round_013.pth
2026-09-05 06:01:38,015 - INFO - [Round 13] loss=1.9239 acc=0.3727 | micro P/R/F1=0.3727/0.3727/0.3727 | macro P/R/F1=0.5039/0.5030/0.2930 | weighted P/R/F1=0.2350/0.3727/0.2146
2026-09-05 06:01:38,016 - INFO - fit progress: (13, 1.9239256186179878, {'accuracy': 0.3726939680399763, 'micro_precision': 0.3726939680399763, 'micro_recall': 0.3726939680399763, 'micro_f1': 0.3726939680399763, 'macro_precision': 0.5038966642438673, 'macro_recall': 0.5029961251679931, 'macro_f1': 0.29297865327353484, 'weighted_precision': 0.23497530322321727, 'weighted_recall': 0.3726939680399763, 'weighted_f1': 0.21458203286680966}, 2361.408992622)
2026-09-05 06:01:38,017 - INFO - configure_evaluate: no clients selected, skipping evaluation
2026-09-05 06:01:38,017 - INFO - 
2026-09-05 06:01:38,017 - INFO - [ROUND 14]
2026-09-05 06:01:38,017 - INFO - configure_fit: strategy sampled 47 clients (out of 47)
2026-09-05 06:03:17,706 - INFO - aggregate_fit: received 47 results and 0 failures
2026-09-05 06:03:17,805 - INFO - [Round 14] TOPSIS giu 38/47 | C_i 0.0000..1.0000
2026-09-05 06:03:17,862 - INFO - [Round 14] |C| 7 -> 6 (cum phai > m=5 thi Multi-Krum moi loc)
2026-09-05 06:03:17,876 - INFO - [Round 14] 6 cum (Eq.14) | giu 30/38 update | diem Krum 4.466e+02..1.719e+06
2026-09-05 06:03:17,882 - INFO - [Round 14] luu checkpoint -> /kaggle/working/results_fediov_iot_full_task0/checkpoints/round_014.pth
2026-09-05 06:04:39,855 - INFO - [Round 14] loss=1.9616 acc=0.3804 | micro P/R/F1=0.3804/0.3804/0.3804 | macro P/R/F1=0.4624/0.5181/0.3232 | weighted P/R/F1=0.2351/0.3804/0.2284
2026-09-05 06:04:39,855 - INFO - fit progress: (14, 1.961637114690355, {'accuracy': 0.38040470722147995, 'micro_precision': 0.38040470722147995, 'micro_recall': 0.38040470722147995, 'micro_f1': 0.38040470722147995, 'macro_precision': 0.46241527729758314, 'macro_recall': 0.5181252596323561, 'macro_f1': 0.323166476705731, 'weighted_precision': 0.23510655003789965, 'weighted_recall': 0.38040470722147995, 'weighted_f1': 0.22839616624044334}, 2543.248155159)
2026-09-05 06:04:39,856 - INFO - configure_evaluate: no clients selected, skipping evaluation
2026-09-05 06:04:39,856 - INFO - 
2026-09-05 06:04:39,856 - INFO - [ROUND 15]
2026-09-05 06:04:39,856 - INFO - configure_fit: strategy sampled 47 clients (out of 47)
2026-09-05 06:06:19,498 - INFO - aggregate_fit: received 47 results and 0 failures
2026-09-05 06:06:19,603 - INFO - [Round 15] TOPSIS giu 38/47 | C_i 0.0000..1.0000
2026-09-05 06:06:19,661 - INFO - [Round 15] |C| 7 -> 6 (cum phai > m=5 thi Multi-Krum moi loc)
2026-09-05 06:06:19,674 - INFO - [Round 15] 6 cum (Eq.14) | giu 30/38 update | diem Krum 4.481e+02..1.719e+06
2026-09-05 06:06:19,680 - INFO - [Round 15] luu checkpoint -> /kaggle/working/results_fediov_iot_full_task0/checkpoints/round_015.pth
2026-09-05 06:07:41,632 - INFO - [Round 15] loss=1.7047 acc=0.3770 | micro P/R/F1=0.3770/0.3770/0.3770 | macro P/R/F1=0.5167/0.5114/0.3103 | weighted P/R/F1=0.2351/0.3770/0.2225
2026-09-05 06:07:41,936 - INFO - Luu /kaggle/working/results_fediov_iot_full_task0/confusion_matrix_task0.csv
2026-09-05 06:07:41,937 - INFO - Luu /kaggle/working/results_fediov_iot_full_task0/confusion_matrix_task0_normalized.csv
2026-09-05 06:07:42,927 - INFO - Luu /kaggle/working/results_fediov_iot_full_task0/classification_report_task0.txt
              precision    recall  f1-score   support

     class_0     0.0000    0.0000    0.0000   2160225
     class_1     0.9996    0.0709    0.1324    328980
     class_2     0.6667    0.0013    0.0026      1557
     class_3     0.3842    0.9985    0.5549   1347913
     class_4     0.1153    0.9995    0.2068     40019
     class_5     0.9343    0.9984    0.9653     85258

    accuracy                         0.3770   3963952
   macro avg     0.5167    0.5114    0.3103   3963952
weighted avg     0.2351    0.3770    0.2225   3963952

2026-09-05 06:07:43,148 - INFO - Luu /kaggle/working/results_fediov_iot_full_task0/confusion_matrix_task0.png
2026-09-05 06:07:43,148 - INFO - fit progress: (15, 1.7046682611723576, {'accuracy': 0.37697025594659067, 'micro_precision': 0.37697025594659067, 'micro_recall': 0.37697025594659067, 'micro_f1': 0.37697025594659067, 'macro_precision': 0.5166781139454497, 'macro_recall': 0.5114225662173156, 'macro_f1': 0.31031848292688236, 'weighted_precision': 0.23513577046049078, 'weighted_recall': 0.37697025594659067, 'weighted_f1': 0.22253537210094965}, 2726.541196027)
2026-09-05 06:07:43,149 - INFO - configure_evaluate: no clients selected, skipping evaluation
2026-09-05 06:07:43,149 - INFO - 
2026-09-05 06:07:43,149 - INFO - [ROUND 16]
2026-09-05 06:07:43,149 - INFO - configure_fit: strategy sampled 47 clients (out of 47)
2026-09-05 06:09:19,885 - INFO - aggregate_fit: received 47 results and 0 failures
2026-09-05 06:09:19,985 - INFO - [Round 16] TOPSIS giu 38/47 | C_i 0.0000..1.0000
2026-09-05 06:09:20,041 - INFO - [Round 16] |C| 7 -> 6 (cum phai > m=5 thi Multi-Krum moi loc)
2026-09-05 06:09:20,054 - INFO - [Round 16] 6 cum (Eq.14) | giu 30/38 update | diem Krum 4.499e+02..1.719e+06
2026-09-05 06:09:20,060 - INFO - [Round 16] luu checkpoint -> /kaggle/working/results_fediov_iot_full_task0/checkpoints/round_016.pth
2026-09-05 06:10:41,858 - INFO - [Round 16] loss=1.9530 acc=0.3774 | micro P/R/F1=0.3774/0.3774/0.3774 | macro P/R/F1=0.5168/0.5125/0.3123 | weighted P/R/F1=0.2351/0.3774/0.2234
2026-09-05 06:10:41,859 - INFO - fit progress: (16, 1.9530425632049229, {'accuracy': 0.3774362050801826, 'micro_precision': 0.3774362050801826, 'micro_recall': 0.3774362050801826, 'micro_f1': 0.3774362050801826, 'macro_precision': 0.5167713157354697, 'macro_recall': 0.5124916217069722, 'macro_f1': 0.31228011952678525, 'weighted_precision': 0.2351318078307826, 'weighted_recall': 0.3774362050801826, 'weighted_f1': 0.2234084119362485}, 2905.251563153)
2026-09-05 06:10:41,859 - INFO - configure_evaluate: no clients selected, skipping evaluation
2026-09-05 06:10:41,859 - INFO - 
2026-09-05 06:10:41,859 - INFO - [ROUND 17]
2026-09-05 06:10:41,859 - INFO - configure_fit: strategy sampled 47 clients (out of 47)
2026-09-05 06:12:16,430 - INFO - aggregate_fit: received 47 results and 0 failures
2026-09-05 06:12:16,531 - INFO - [Round 17] TOPSIS giu 38/47 | C_i 0.0000..1.0000
2026-09-05 06:12:16,587 - INFO - [Round 17] |C| 7 -> 6 (cum phai > m=5 thi Multi-Krum moi loc)
2026-09-05 06:12:16,602 - INFO - [Round 17] 6 cum (Eq.14) | giu 30/38 update | diem Krum 4.506e+02..1.719e+06
2026-09-05 06:12:16,607 - INFO - [Round 17] luu checkpoint -> /kaggle/working/results_fediov_iot_full_task0/checkpoints/round_017.pth
2026-09-05 06:13:38,272 - INFO - [Round 17] loss=1.7089 acc=0.3774 | micro P/R/F1=0.3774/0.3774/0.3774 | macro P/R/F1=0.4896/0.5123/0.3123 | weighted P/R/F1=0.2351/0.3774/0.2233
2026-09-05 06:13:38,273 - INFO - fit progress: (17, 1.708926389532641, {'accuracy': 0.3773882731173334, 'micro_precision': 0.3773882731173334, 'micro_recall': 0.3773882731173334, 'micro_f1': 0.3773882731173334, 'macro_precision': 0.48963199052097955, 'macro_recall': 0.5122864077217391, 'macro_f1': 0.3122806045344754, 'weighted_precision': 0.23514952851105833, 'weighted_recall': 0.3773882731173334, 'weighted_f1': 0.2233060827567687}, 3081.665919303)
2026-09-05 06:13:38,273 - INFO - configure_evaluate: no clients selected, skipping evaluation
2026-09-05 06:13:38,273 - INFO - 
2026-09-05 06:13:38,274 - INFO - [ROUND 18]
2026-09-05 06:13:38,274 - INFO - configure_fit: strategy sampled 47 clients (out of 47)
2026-09-05 06:15:14,866 - INFO - aggregate_fit: received 47 results and 0 failures
2026-09-05 06:15:14,968 - INFO - [Round 18] TOPSIS giu 38/47 | C_i 0.0000..1.0000
2026-09-05 06:15:15,026 - INFO - [Round 18] |C| 7 -> 6 (cum phai > m=5 thi Multi-Krum moi loc)
2026-09-05 06:15:15,040 - INFO - [Round 18] 6 cum (Eq.14) | giu 30/38 update | diem Krum 4.496e+02..1.719e+06
2026-09-05 06:15:15,045 - INFO - [Round 18] luu checkpoint -> /kaggle/working/results_fediov_iot_full_task0/checkpoints/round_018.pth
2026-09-05 06:16:36,405 - INFO - [Round 18] loss=1.6272 acc=0.3798 | micro P/R/F1=0.3798/0.3798/0.3798 | macro P/R/F1=0.5747/0.5168/0.3213 | weighted P/R/F1=0.2355/0.3798/0.2273
2026-09-05 06:16:36,406 - INFO - fit progress: (18, 1.6271728149130325, {'accuracy': 0.3797515711592875, 'micro_precision': 0.3797515711592875, 'micro_recall': 0.3797515711592875, 'micro_f1': 0.3797515711592875, 'macro_precision': 0.5746997513574345, 'macro_recall': 0.5167968947696922, 'macro_f1': 0.3213212667038929, 'weighted_precision': 0.23554173495859398, 'weighted_recall': 0.3797515711592875, 'weighted_f1': 0.2273348029870845}, 3259.7985701139996)
2026-09-05 06:16:36,406 - INFO - configure_evaluate: no clients selected, skipping evaluation
2026-09-05 06:16:36,406 - INFO - 
2026-09-05 06:16:36,406 - INFO - [ROUND 19]
2026-09-05 06:16:36,406 - INFO - configure_fit: strategy sampled 47 clients (out of 47)
2026-09-05 06:18:14,700 - INFO - aggregate_fit: received 47 results and 0 failures
2026-09-05 06:18:14,803 - INFO - [Round 19] TOPSIS giu 38/47 | C_i 0.0000..1.0000
2026-09-05 06:18:14,859 - INFO - [Round 19] |C| 7 -> 6 (cum phai > m=5 thi Multi-Krum moi loc)
2026-09-05 06:18:14,873 - INFO - [Round 19] 6 cum (Eq.14) | giu 30/38 update | diem Krum 4.474e+02..1.719e+06
2026-09-05 06:18:14,879 - INFO - [Round 19] luu checkpoint -> /kaggle/working/results_fediov_iot_full_task0/checkpoints/round_019.pth
2026-09-05 06:19:36,975 - INFO - [Round 19] loss=1.6794 acc=0.3723 | micro P/R/F1=0.3723/0.3723/0.3723 | macro P/R/F1=0.4897/0.5020/0.2921 | weighted P/R/F1=0.2353/0.3723/0.2138
2026-09-05 06:19:36,976 - INFO - fit progress: (19, 1.6794124871246086, {'accuracy': 0.37231505325997893, 'micro_precision': 0.37231505325997893, 'micro_recall': 0.37231505325997893, 'micro_f1': 0.37231505325997893, 'macro_precision': 0.4897289297663379, 'macro_recall': 0.5019817759381855, 'macro_f1': 0.2921029742079226, 'weighted_precision': 0.23526451982172986, 'weighted_recall': 0.37231505325997893, 'weighted_f1': 0.21382347738610905}, 3440.3688451609996)
2026-09-05 06:19:36,976 - INFO - configure_evaluate: no clients selected, skipping evaluation
2026-09-05 06:19:36,976 - INFO - 
2026-09-05 06:19:36,977 - INFO - [ROUND 20]
2026-09-05 06:19:36,977 - INFO - configure_fit: strategy sampled 47 clients (out of 47)
2026-09-05 06:21:13,276 - INFO - aggregate_fit: received 47 results and 0 failures
2026-09-05 06:21:13,377 - INFO - [Round 20] TOPSIS giu 38/47 | C_i 0.0000..1.0000
2026-09-05 06:21:13,435 - INFO - [Round 20] |C| 7 -> 6 (cum phai > m=5 thi Multi-Krum moi loc)
2026-09-05 06:21:13,450 - INFO - [Round 20] 6 cum (Eq.14) | giu 30/38 update | diem Krum 4.524e+02..1.719e+06
2026-09-05 06:21:13,455 - INFO - [Round 20] luu checkpoint -> /kaggle/working/results_fediov_iot_full_task0/checkpoints/round_020.pth
2026-09-05 06:22:35,240 - INFO - [Round 20] loss=1.7305 acc=0.3750 | micro P/R/F1=0.3750/0.3750/0.3750 | macro P/R/F1=0.4908/0.5075/0.3036 | weighted P/R/F1=0.2354/0.3750/0.2190
2026-09-05 06:22:35,547 - INFO - Luu /kaggle/working/results_fediov_iot_full_task0/confusion_matrix_task0.csv
2026-09-05 06:22:35,548 - INFO - Luu /kaggle/working/results_fediov_iot_full_task0/confusion_matrix_task0_normalized.csv
2026-09-05 06:22:36,547 - INFO - Luu /kaggle/working/results_fediov_iot_full_task0/classification_report_task0.txt
              precision    recall  f1-score   support

     class_0     0.0000    0.0000    0.0000   2160225
     class_1     0.9999    0.0462    0.0883    328980
     class_2     0.5000    0.0019    0.0038      1557
     class_3     0.3842    0.9988    0.5550   1347913
     class_4     0.1126    0.9999    0.2024     40019
     class_5     0.9478    0.9981    0.9723     85258

    accuracy                         0.3750   3963952
   macro avg     0.4908    0.5075    0.3036   3963952
weighted avg     0.2354    0.3750    0.2190   3963952

2026-09-05 06:22:36,769 - INFO - Luu /kaggle/working/results_fediov_iot_full_task0/confusion_matrix_task0.png
2026-09-05 06:22:36,769 - INFO - fit progress: (20, 1.7305250266366754, {'accuracy': 0.375018920511651, 'micro_precision': 0.375018920511651, 'micro_recall': 0.375018920511651, 'micro_f1': 0.375018920511651, 'macro_precision': 0.49076870851766036, 'macro_recall': 0.5074659017034409, 'macro_f1': 0.3036309918481304, 'weighted_precision': 0.23536712449415173, 'weighted_recall': 0.375018920511651, 'weighted_f1': 0.21899973070240047}, 3620.1615985569997)
2026-09-05 06:22:36,769 - INFO - configure_evaluate: no clients selected, skipping evaluation
2026-09-05 06:22:36,769 - INFO - 
2026-09-05 06:22:36,769 - INFO - [ROUND 21]
2026-09-05 06:22:36,769 - INFO - configure_fit: strategy sampled 47 clients (out of 47)
2026-09-05 06:24:16,415 - INFO - aggregate_fit: received 47 results and 0 failures
2026-09-05 06:24:16,517 - INFO - [Round 21] TOPSIS giu 38/47 | C_i 0.0000..1.0000
2026-09-05 06:24:16,576 - INFO - [Round 21] |C| 7 -> 6 (cum phai > m=5 thi Multi-Krum moi loc)
2026-09-05 06:24:16,591 - INFO - [Round 21] 6 cum (Eq.14) | giu 30/38 update | diem Krum 4.505e+02..1.719e+06
2026-09-05 06:24:16,597 - INFO - [Round 21] luu checkpoint -> /kaggle/working/results_fediov_iot_full_task0/checkpoints/round_021.pth
2026-09-05 06:25:37,855 - INFO - [Round 21] loss=1.7779 acc=0.3719 | micro P/R/F1=0.3719/0.3719/0.3719 | macro P/R/F1=0.4908/0.5015/0.2917 | weighted P/R/F1=0.2354/0.3719/0.2131
2026-09-05 06:25:37,856 - INFO - fit progress: (21, 1.777870874266979, {'accuracy': 0.3719288225488099, 'micro_precision': 0.3719288225488099, 'micro_recall': 0.3719288225488099, 'micro_f1': 0.3719288225488099, 'macro_precision': 0.4907926544210543, 'macro_recall': 0.5015161927484203, 'macro_f1': 0.29171154959369067, 'weighted_precision': 0.23541526154197912, 'weighted_recall': 0.3719288225488099, 'weighted_f1': 0.21308019979745468}, 3801.248307262)
2026-09-05 06:25:37,856 - INFO - configure_evaluate: no clients selected, skipping evaluation
2026-09-05 06:25:37,856 - INFO - 
2026-09-05 06:25:37,856 - INFO - [ROUND 22]
2026-09-05 06:25:37,856 - INFO - configure_fit: strategy sampled 47 clients (out of 47)
2026-09-05 06:27:17,268 - INFO - aggregate_fit: received 47 results and 0 failures
2026-09-05 06:27:17,382 - INFO - [Round 22] TOPSIS giu 38/47 | C_i 0.0000..1.0000
2026-09-05 06:27:17,440 - INFO - [Round 22] |C| 7 -> 6 (cum phai > m=5 thi Multi-Krum moi loc)
2026-09-05 06:27:17,453 - INFO - [Round 22] 6 cum (Eq.14) | giu 30/38 update | diem Krum 4.522e+02..1.719e+06
2026-09-05 06:27:17,459 - INFO - [Round 22] luu checkpoint -> /kaggle/working/results_fediov_iot_full_task0/checkpoints/round_022.pth
2026-09-05 06:28:39,485 - INFO - [Round 22] loss=1.6433 acc=0.3774 | micro P/R/F1=0.3774/0.3774/0.3774 | macro P/R/F1=0.4831/0.5123/0.3137 | weighted P/R/F1=0.2355/0.3774/0.2233
2026-09-05 06:28:39,486 - INFO - fit progress: (22, 1.6432833603837274, {'accuracy': 0.3774336823452958, 'micro_precision': 0.3774336823452958, 'micro_recall': 0.3774336823452958, 'micro_f1': 0.3774336823452958, 'macro_precision': 0.4831230869689466, 'macro_recall': 0.5122515830996349, 'macro_f1': 0.31367550539952455, 'weighted_precision': 0.2355026745708188, 'weighted_recall': 0.3774336823452958, 'weighted_f1': 0.22332476635495024}, 3982.8786949019996)
2026-09-05 06:28:39,486 - INFO - configure_evaluate: no clients selected, skipping evaluation
2026-09-05 06:28:39,486 - INFO - 
2026-09-05 06:28:39,486 - INFO - [ROUND 23]
2026-09-05 06:28:39,487 - INFO - configure_fit: strategy sampled 47 clients (out of 47)
2026-09-05 06:30:16,243 - INFO - aggregate_fit: received 47 results and 0 failures
2026-09-05 06:30:16,346 - INFO - [Round 23] TOPSIS giu 38/47 | C_i 0.0000..1.0000
2026-09-05 06:30:16,402 - INFO - [Round 23] |C| 7 -> 6 (cum phai > m=5 thi Multi-Krum moi loc)
2026-09-05 06:30:16,416 - INFO - [Round 23] 6 cum (Eq.14) | giu 30/38 update | diem Krum 4.552e+02..1.719e+06
2026-09-05 06:30:16,421 - INFO - [Round 23] luu checkpoint -> /kaggle/working/results_fediov_iot_full_task0/checkpoints/round_023.pth
2026-09-05 06:31:37,873 - INFO - [Round 23] loss=1.6227 acc=0.3750 | micro P/R/F1=0.3750/0.3750/0.3750 | macro P/R/F1=0.5752/0.5071/0.3037 | weighted P/R/F1=0.2357/0.3750/0.2189
2026-09-05 06:31:37,873 - INFO - fit progress: (23, 1.6226593924701707, {'accuracy': 0.37499142270138486, 'micro_precision': 0.37499142270138486, 'micro_recall': 0.37499142270138486, 'micro_f1': 0.37499142270138486, 'macro_precision': 0.5751772018607247, 'macro_recall': 0.507143860561449, 'macro_f1': 0.30365600963242645, 'weighted_precision': 0.2356947311623376, 'weighted_recall': 0.37499142270138486, 'weighted_f1': 0.21892914075115424}, 4161.266081891999)
2026-09-05 06:31:37,873 - INFO - configure_evaluate: no clients selected, skipping evaluation
2026-09-05 06:31:37,874 - INFO - 
2026-09-05 06:31:37,874 - INFO - [ROUND 24]
2026-09-05 06:31:37,874 - INFO - configure_fit: strategy sampled 47 clients (out of 47)
2026-09-05 06:33:17,660 - INFO - aggregate_fit: received 47 results and 0 failures
2026-09-05 06:33:17,765 - INFO - [Round 24] TOPSIS giu 38/47 | C_i 0.0000..1.0000
2026-09-05 06:33:17,821 - INFO - [Round 24] |C| 7 -> 6 (cum phai > m=5 thi Multi-Krum moi loc)
2026-09-05 06:33:17,834 - INFO - [Round 24] 6 cum (Eq.14) | giu 30/38 update | diem Krum 4.521e+02..1.719e+06
2026-09-05 06:33:17,840 - INFO - [Round 24] luu checkpoint -> /kaggle/working/results_fediov_iot_full_task0/checkpoints/round_024.pth
2026-09-05 06:34:39,646 - INFO - [Round 24] loss=1.9106 acc=0.3808 | micro P/R/F1=0.3808/0.3808/0.3808 | macro P/R/F1=0.5762/0.5187/0.3256 | weighted P/R/F1=0.2357/0.3808/0.2290
2026-09-05 06:34:39,647 - INFO - fit progress: (24, 1.9105932329558144, {'accuracy': 0.38077655834379426, 'micro_precision': 0.38077655834379426, 'micro_recall': 0.38077655834379426, 'micro_f1': 0.38077655834379426, 'macro_precision': 0.5761708028920474, 'macro_recall': 0.5187498340080805, 'macro_f1': 0.3256096149211998, 'weighted_precision': 0.2357089645016586, 'weighted_recall': 0.38077655834379426, 'weighted_f1': 0.22898704276040904}, 4343.039613582)
2026-09-05 06:34:39,647 - INFO - configure_evaluate: no clients selected, skipping evaluation
2026-09-05 06:34:39,647 - INFO - 
2026-09-05 06:34:39,647 - INFO - [ROUND 25]
2026-09-05 06:34:39,647 - INFO - configure_fit: strategy sampled 47 clients (out of 47)
2026-09-05 06:36:14,695 - INFO - aggregate_fit: received 47 results and 0 failures
2026-09-05 06:36:14,794 - INFO - [Round 25] TOPSIS giu 38/47 | C_i 0.0000..1.0000
2026-09-05 06:36:14,852 - INFO - [Round 25] |C| 7 -> 6 (cum phai > m=5 thi Multi-Krum moi loc)
2026-09-05 06:36:14,866 - INFO - [Round 25] 6 cum (Eq.14) | giu 30/38 update | diem Krum 4.583e+02..1.719e+06
2026-09-05 06:36:14,871 - INFO - [Round 25] luu checkpoint -> /kaggle/working/results_fediov_iot_full_task0/checkpoints/round_025.pth
2026-09-05 06:37:36,063 - INFO - [Round 25] loss=1.7796 acc=0.3752 | micro P/R/F1=0.3752/0.3752/0.3752 | macro P/R/F1=0.5752/0.5076/0.3045 | weighted P/R/F1=0.2357/0.3752/0.2193
2026-09-05 06:37:36,368 - INFO - Luu /kaggle/working/results_fediov_iot_full_task0/confusion_matrix_task0.csv
2026-09-05 06:37:36,369 - INFO - Luu /kaggle/working/results_fediov_iot_full_task0/confusion_matrix_task0_normalized.csv
2026-09-05 06:37:37,379 - INFO - Luu /kaggle/working/results_fediov_iot_full_task0/classification_report_task0.txt
              precision    recall  f1-score   support

     class_0     0.0000    0.0000    0.0000   2160225
     class_1     0.9999    0.0476    0.0909    328980
     class_2     1.0000    0.0013    0.0026      1557
     class_3     0.3842    0.9989    0.5550   1347913
     class_4     0.1128    0.9999    0.2027     40019
     class_5     0.9544    0.9978    0.9756     85258

    accuracy                         0.3752   3963952
   macro avg     0.5752    0.5076    0.3045   3963952
weighted avg     0.2357    0.3752    0.2193   3963952

2026-09-05 06:37:37,587 - INFO - Luu /kaggle/working/results_fediov_iot_full_task0/confusion_matrix_task0.png
2026-09-05 06:37:37,587 - INFO - fit progress: (25, 1.7796240562249805, {'accuracy': 0.3751869346551119, 'micro_precision': 0.3751869346551119, 'micro_recall': 0.3751869346551119, 'micro_f1': 0.3751869346551119, 'macro_precision': 0.5752113038589811, 'macro_recall': 0.5075751635618403, 'macro_f1': 0.30445361642722774, 'weighted_precision': 0.23569347247904351, 'weighted_recall': 0.3751869346551119, 'weighted_f1': 0.21928978508619462}, 4520.9797757159995)
2026-09-05 06:37:37,587 - INFO - configure_evaluate: no clients selected, skipping evaluation
2026-09-05 06:37:37,587 - INFO - 
2026-09-05 06:37:37,587 - INFO - [ROUND 26]
2026-09-05 06:37:37,588 - INFO - configure_fit: strategy sampled 47 clients (out of 47)
2026-09-05 06:39:13,093 - INFO - aggregate_fit: received 47 results and 0 failures
2026-09-05 06:39:13,197 - INFO - [Round 26] TOPSIS giu 38/47 | C_i 0.0000..1.0000
2026-09-05 06:39:13,256 - INFO - [Round 26] |C| 7 -> 6 (cum phai > m=5 thi Multi-Krum moi loc)
2026-09-05 06:39:13,269 - INFO - [Round 26] 6 cum (Eq.14) | giu 30/38 update | diem Krum 4.613e+02..1.719e+06
2026-09-05 06:39:13,275 - INFO - [Round 26] luu checkpoint -> /kaggle/working/results_fediov_iot_full_task0/checkpoints/round_026.pth
2026-09-05 06:40:34,966 - INFO - [Round 26] loss=1.9553 acc=0.3832 | micro P/R/F1=0.3832/0.3832/0.3832 | macro P/R/F1=0.5773/0.5235/0.3343 | weighted P/R/F1=0.2358/0.3832/0.2329
2026-09-05 06:40:34,967 - INFO - fit progress: (26, 1.955291596449111, {'accuracy': 0.38323698167889014, 'micro_precision': 0.38323698167889014, 'micro_recall': 0.38323698167889014, 'micro_f1': 0.38323698167889014, 'macro_precision': 0.5772560822874679, 'macro_recall': 0.5235048890549335, 'macro_f1': 0.33427516229450993, 'weighted_precision': 0.23580617855956174, 'weighted_recall': 0.38323698167889014, 'weighted_f1': 0.23290406532931793}, 4698.359960623)
2026-09-05 06:40:34,967 - INFO - configure_evaluate: no clients selected, skipping evaluation
2026-09-05 06:40:34,967 - INFO - 
2026-09-05 06:40:34,968 - INFO - [ROUND 27]
2026-09-05 06:40:34,968 - INFO - configure_fit: strategy sampled 47 clients (out of 47)
2026-09-05 06:42:10,986 - INFO - aggregate_fit: received 47 results and 0 failures
2026-09-05 06:42:11,092 - INFO - [Round 27] TOPSIS giu 38/47 | C_i 0.0000..1.0000
2026-09-05 06:42:11,149 - INFO - [Round 27] |C| 7 -> 6 (cum phai > m=5 thi Multi-Krum moi loc)
2026-09-05 06:42:11,163 - INFO - [Round 27] 6 cum (Eq.14) | giu 30/38 update | diem Krum 4.579e+02..1.719e+06
2026-09-05 06:42:11,169 - INFO - [Round 27] luu checkpoint -> /kaggle/working/results_fediov_iot_full_task0/checkpoints/round_027.pth
2026-09-05 06:43:31,812 - INFO - [Round 27] loss=1.8727 acc=0.3786 | micro P/R/F1=0.3786/0.3786/0.3786 | macro P/R/F1=0.5774/0.5143/0.3186 | weighted P/R/F1=0.2359/0.3786/0.2254
2026-09-05 06:43:31,813 - INFO - fit progress: (27, 1.8727223965500996, {'accuracy': 0.37861684500720494, 'micro_precision': 0.37861684500720494, 'micro_recall': 0.37861684500720494, 'micro_f1': 0.37861684500720494, 'macro_precision': 0.5773709467566942, 'macro_recall': 0.5143379048034683, 'macro_f1': 0.31863411037597417, 'weighted_precision': 0.23590922349711274, 'weighted_recall': 0.37861684500720494, 'weighted_f1': 0.2253935393449265}, 4875.205771695)
2026-09-05 06:43:31,813 - INFO - configure_evaluate: no clients selected, skipping evaluation
2026-09-05 06:43:31,813 - INFO - 
2026-09-05 06:43:31,813 - INFO - [ROUND 28]
2026-09-05 06:43:31,814 - INFO - configure_fit: strategy sampled 47 clients (out of 47)
2026-09-05 06:45:07,601 - INFO - aggregate_fit: received 47 results and 0 failures
2026-09-05 06:45:07,697 - INFO - [Round 28] TOPSIS giu 38/47 | C_i 0.0000..1.0000
2026-09-05 06:45:07,751 - INFO - [Round 28] |C| 7 -> 6 (cum phai > m=5 thi Multi-Krum moi loc)
2026-09-05 06:45:07,765 - INFO - [Round 28] 6 cum (Eq.14) | giu 30/38 update | diem Krum 4.586e+02..1.719e+06
2026-09-05 06:45:07,770 - INFO - [Round 28] luu checkpoint -> /kaggle/working/results_fediov_iot_full_task0/checkpoints/round_028.pth
2026-09-05 06:46:28,855 - INFO - [Round 28] loss=1.7964 acc=0.3766 | micro P/R/F1=0.3766/0.3766/0.3766 | macro P/R/F1=0.4938/0.5099/0.3102 | weighted P/R/F1=0.2357/0.3766/0.2218
2026-09-05 06:46:28,856 - INFO - fit progress: (28, 1.7963501809796025, {'accuracy': 0.37656207744190645, 'micro_precision': 0.37656207744190645, 'micro_recall': 0.37656207744190645, 'micro_f1': 0.37656207744190645, 'macro_precision': 0.49377794130435787, 'macro_recall': 0.509864783489029, 'macro_f1': 0.31016443316215786, 'weighted_precision': 0.23571704394040402, 'weighted_recall': 0.37656207744190645, 'weighted_f1': 0.22178353841722195}, 5052.248691420999)
2026-09-05 06:46:28,856 - INFO - configure_evaluate: no clients selected, skipping evaluation
2026-09-05 06:46:28,856 - INFO - 
2026-09-05 06:46:28,856 - INFO - [ROUND 29]
2026-09-05 06:46:28,857 - INFO - configure_fit: strategy sampled 47 clients (out of 47)
2026-09-05 06:48:05,494 - INFO - aggregate_fit: received 47 results and 0 failures
2026-09-05 06:48:05,591 - INFO - [Round 29] TOPSIS giu 38/47 | C_i 0.0000..1.0000
2026-09-05 06:48:05,648 - INFO - [Round 29] |C| 7 -> 6 (cum phai > m=5 thi Multi-Krum moi loc)
2026-09-05 06:48:05,662 - INFO - [Round 29] 6 cum (Eq.14) | giu 30/38 update | diem Krum 4.694e+02..1.719e+06
2026-09-05 06:48:05,668 - INFO - [Round 29] luu checkpoint -> /kaggle/working/results_fediov_iot_full_task0/checkpoints/round_029.pth
2026-09-05 06:49:26,780 - INFO - [Round 29] loss=2.0639 acc=0.3746 | micro P/R/F1=0.3746/0.3746/0.3746 | macro P/R/F1=0.5343/0.5067/0.3034 | weighted P/R/F1=0.2357/0.3746/0.2183
2026-09-05 06:49:26,781 - INFO - fit progress: (29, 2.063884928453067, {'accuracy': 0.374634203441414, 'micro_precision': 0.374634203441414, 'micro_recall': 0.374634203441414, 'micro_f1': 0.374634203441414, 'macro_precision': 0.5343382657894908, 'macro_recall': 0.5066754032993903, 'macro_f1': 0.3033765924255243, 'weighted_precision': 0.2356981465288523, 'weighted_recall': 0.374634203441414, 'weighted_f1': 0.21826038734082615}, 5230.173992316)
2026-09-05 06:49:26,782 - INFO - configure_evaluate: no clients selected, skipping evaluation
2026-09-05 06:49:26,782 - INFO - 
2026-09-05 06:49:26,782 - INFO - [ROUND 30]
2026-09-05 06:49:26,782 - INFO - configure_fit: strategy sampled 47 clients (out of 47)
2026-09-05 06:51:02,327 - INFO - aggregate_fit: received 47 results and 0 failures
2026-09-05 06:51:02,423 - INFO - [Round 30] TOPSIS giu 38/47 | C_i 0.0000..1.0000
2026-09-05 06:51:02,480 - INFO - [Round 30] |C| 7 -> 6 (cum phai > m=5 thi Multi-Krum moi loc)
2026-09-05 06:51:02,495 - INFO - [Round 30] 6 cum (Eq.14) | giu 30/38 update | diem Krum 4.688e+02..1.719e+06
2026-09-05 06:51:02,500 - INFO - [Round 30] luu checkpoint -> /kaggle/working/results_fediov_iot_full_task0/checkpoints/round_030.pth
2026-09-05 06:52:23,891 - INFO - [Round 30] loss=1.7965 acc=0.3776 | micro P/R/F1=0.3776/0.3776/0.3776 | macro P/R/F1=0.5218/0.5120/0.3144 | weighted P/R/F1=0.2358/0.3776/0.2236
2026-09-05 06:52:24,192 - INFO - Luu /kaggle/working/results_fediov_iot_full_task0/confusion_matrix_task0.csv
2026-09-05 06:52:24,192 - INFO - Luu /kaggle/working/results_fediov_iot_full_task0/confusion_matrix_task0_normalized.csv
2026-09-05 06:52:25,165 - INFO - Luu /kaggle/working/results_fediov_iot_full_task0/classification_report_task0.txt
              precision    recall  f1-score   support

     class_0     0.0000    0.0000    0.0000   2160225
     class_1     0.9999    0.0758    0.1409    328980
     class_2     0.6667    0.0013    0.0026      1557
     class_3     0.3842    0.9992    0.5550   1347913
     class_4     0.1159    0.9996    0.2076     40019
     class_5     0.9645    0.9963    0.9801     85258

    accuracy                         0.3776   3963952
   macro avg     0.5218    0.5120    0.3144   3963952
weighted avg     0.2358    0.3776    0.2236   3963952

2026-09-05 06:52:25,379 - INFO - Luu /kaggle/working/results_fediov_iot_full_task0/confusion_matrix_task0.png
2026-09-05 06:52:25,379 - INFO - fit progress: (30, 1.796457425006165, {'accuracy': 0.37759337146363026, 'micro_precision': 0.37759337146363026, 'micro_recall': 0.37759337146363026, 'micro_f1': 0.37759337146363026, 'macro_precision': 0.5218477062182333, 'macro_recall': 0.5120317901512678, 'macro_f1': 0.31436927473931925, 'weighted_precision': 0.2358045382290065, 'weighted_recall': 0.37759337146363026, 'weighted_f1': 0.22359626360055132}, 5408.772195646)
2026-09-05 06:52:25,380 - INFO - configure_evaluate: no clients selected, skipping evaluation
2026-09-05 06:52:25,380 - INFO - 
2026-09-05 06:52:25,380 - INFO - [SUMMARY]
2026-09-05 06:52:25,380 - INFO - Run finished 30 round(s) in 5408.77s
2026-09-05 06:52:25,386 - INFO - 	History (loss, centralized):
2026-09-05 06:52:25,386 - INFO - 		round 1: 2.7202441349995037
2026-09-05 06:52:25,386 - INFO - 		round 2: 2.2855051945556295
2026-09-05 06:52:25,386 - INFO - 		round 3: 2.079912214732367
2026-09-05 06:52:25,387 - INFO - 		round 4: 2.021457182720673
2026-09-05 06:52:25,387 - INFO - 		round 5: 1.9732367595857825
2026-09-05 06:52:25,387 - INFO - 		round 6: 1.949664431539449
2026-09-05 06:52:25,387 - INFO - 		round 7: 1.9707796555166401
2026-09-05 06:52:25,387 - INFO - 		round 8: 1.9278157647729905
2026-09-05 06:52:25,387 - INFO - 		round 9: 1.8097741389570157
2026-09-05 06:52:25,387 - INFO - 		round 10: 1.828545952015672
2026-09-05 06:52:25,387 - INFO - 		round 11: 1.8266146882506442
2026-09-05 06:52:25,387 - INFO - 		round 12: 1.7965060474951404
2026-09-05 06:52:25,387 - INFO - 		round 13: 1.9239256186179878
2026-09-05 06:52:25,387 - INFO - 		round 14: 1.961637114690355
2026-09-05 06:52:25,387 - INFO - 		round 15: 1.7046682611723576
2026-09-05 06:52:25,387 - INFO - 		round 16: 1.9530425632049229
2026-09-05 06:52:25,387 - INFO - 		round 17: 1.708926389532641
2026-09-05 06:52:25,387 - INFO - 		round 18: 1.6271728149130325
2026-09-05 06:52:25,387 - INFO - 		round 19: 1.6794124871246086
2026-09-05 06:52:25,387 - INFO - 		round 20: 1.7305250266366754
2026-09-05 06:52:25,388 - INFO - 		round 21: 1.777870874266979
2026-09-05 06:52:25,388 - INFO - 		round 22: 1.6432833603837274
2026-09-05 06:52:25,388 - INFO - 		round 23: 1.6226593924701707
2026-09-05 06:52:25,388 - INFO - 		round 24: 1.9105932329558144
2026-09-05 06:52:25,388 - INFO - 		round 25: 1.7796240562249805
2026-09-05 06:52:25,388 - INFO - 		round 26: 1.955291596449111
2026-09-05 06:52:25,388 - INFO - 		round 27: 1.8727223965500996
2026-09-05 06:52:25,388 - INFO - 		round 28: 1.7963501809796025
2026-09-05 06:52:25,388 - INFO - 		round 29: 2.063884928453067
2026-09-05 06:52:25,388 - INFO - 		round 30: 1.796457425006165
2026-09-05 06:52:25,388 - INFO - 	History (metrics, distributed, fit):
2026-09-05 06:52:25,388 - INFO - 	{'krum_kept': [(1, 30),
2026-09-05 06:52:25,388 - INFO - 	               (2, 30),
2026-09-05 06:52:25,388 - INFO - 	               (3, 30),
2026-09-05 06:52:25,388 - INFO - 	               (4, 30),
2026-09-05 06:52:25,388 - INFO - 	               (5, 30),
2026-09-05 06:52:25,388 - INFO - 	               (6, 30),
2026-09-05 06:52:25,389 - INFO - 	               (7, 30),
2026-09-05 06:52:25,389 - INFO - 	               (8, 30),
2026-09-05 06:52:25,389 - INFO - 	               (9, 30),
2026-09-05 06:52:25,389 - INFO - 	               (10, 30),
2026-09-05 06:52:25,389 - INFO - 	               (11, 30),
2026-09-05 06:52:25,389 - INFO - 	               (12, 30),
2026-09-05 06:52:25,389 - INFO - 	               (13, 30),
2026-09-05 06:52:25,389 - INFO - 	               (14, 30),
2026-09-05 06:52:25,389 - INFO - 	               (15, 30),
2026-09-05 06:52:25,389 - INFO - 	               (16, 30),
2026-09-05 06:52:25,389 - INFO - 	               (17, 30),
2026-09-05 06:52:25,389 - INFO - 	               (18, 30),
2026-09-05 06:52:25,389 - INFO - 	               (19, 30),
2026-09-05 06:52:25,389 - INFO - 	               (20, 30),
2026-09-05 06:52:25,389 - INFO - 	               (21, 30),
2026-09-05 06:52:25,390 - INFO - 	               (22, 30),
2026-09-05 06:52:25,390 - INFO - 	               (23, 30),
2026-09-05 06:52:25,390 - INFO - 	               (24, 30),
2026-09-05 06:52:25,390 - INFO - 	               (25, 30),
2026-09-05 06:52:25,390 - INFO - 	               (26, 30),
2026-09-05 06:52:25,390 - INFO - 	               (27, 30),
2026-09-05 06:52:25,390 - INFO - 	               (28, 30),
2026-09-05 06:52:25,390 - INFO - 	               (29, 30),
2026-09-05 06:52:25,390 - INFO - 	               (30, 30)],
2026-09-05 06:52:25,390 - INFO - 	 'krum_rejected': [(1, 8),
2026-09-05 06:52:25,390 - INFO - 	                   (2, 8),
2026-09-05 06:52:25,390 - INFO - 	                   (3, 8),
2026-09-05 06:52:25,390 - INFO - 	                   (4, 8),
2026-09-05 06:52:25,390 - INFO - 	                   (5, 8),
2026-09-05 06:52:25,390 - INFO - 	                   (6, 8),
2026-09-05 06:52:25,390 - INFO - 	                   (7, 8),
2026-09-05 06:52:25,391 - INFO - 	                   (8, 8),
2026-09-05 06:52:25,391 - INFO - 	                   (9, 8),
2026-09-05 06:52:25,391 - INFO - 	                   (10, 8),
2026-09-05 06:52:25,391 - INFO - 	                   (11, 8),
2026-09-05 06:52:25,391 - INFO - 	                   (12, 8),
2026-09-05 06:52:25,391 - INFO - 	                   (13, 8),
2026-09-05 06:52:25,391 - INFO - 	                   (14, 8),
2026-09-05 06:52:25,391 - INFO - 	                   (15, 8),
2026-09-05 06:52:25,391 - INFO - 	                   (16, 8),
2026-09-05 06:52:25,391 - INFO - 	                   (17, 8),
2026-09-05 06:52:25,391 - INFO - 	                   (18, 8),
2026-09-05 06:52:25,391 - INFO - 	                   (19, 8),
2026-09-05 06:52:25,391 - INFO - 	                   (20, 8),
2026-09-05 06:52:25,391 - INFO - 	                   (21, 8),
2026-09-05 06:52:25,391 - INFO - 	                   (22, 8),
2026-09-05 06:52:25,392 - INFO - 	                   (23, 8),
2026-09-05 06:52:25,392 - INFO - 	                   (24, 8),
2026-09-05 06:52:25,392 - INFO - 	                   (25, 8),
2026-09-05 06:52:25,392 - INFO - 	                   (26, 8),
2026-09-05 06:52:25,392 - INFO - 	                   (27, 8),
2026-09-05 06:52:25,392 - INFO - 	                   (28, 8),
2026-09-05 06:52:25,392 - INFO - 	                   (29, 8),
2026-09-05 06:52:25,392 - INFO - 	                   (30, 8)],
2026-09-05 06:52:25,392 - INFO - 	 'krum_score_max': [(1, 1718960.4196871698),
2026-09-05 06:52:25,392 - INFO - 	                    (2, 1718952.412419415),
2026-09-05 06:52:25,392 - INFO - 	                    (3, 1718959.1699736828),
2026-09-05 06:52:25,392 - INFO - 	                    (4, 1718961.8608633042),
2026-09-05 06:52:25,392 - INFO - 	                    (5, 1718956.1534850039),
2026-09-05 06:52:25,392 - INFO - 	                    (6, 1718960.5293594776),
2026-09-05 06:52:25,392 - INFO - 	                    (7, 1718959.3398210062),
2026-09-05 06:52:25,392 - INFO - 	                    (8, 1718960.9552936666),
2026-09-05 06:52:25,393 - INFO - 	                    (9, 1718959.8389190342),
2026-09-05 06:52:25,393 - INFO - 	                    (10, 1718973.9734383933),
2026-09-05 06:52:25,393 - INFO - 	                    (11, 1718965.7954293638),
2026-09-05 06:52:25,393 - INFO - 	                    (12, 1718970.8593165688),
2026-09-05 06:52:25,393 - INFO - 	                    (13, 1718969.6134925),
2026-09-05 06:52:25,393 - INFO - 	                    (14, 1718975.9633062482),
2026-09-05 06:52:25,393 - INFO - 	                    (15, 1718970.1473602504),
2026-09-05 06:52:25,393 - INFO - 	                    (16, 1718977.9521732107),
2026-09-05 06:52:25,393 - INFO - 	                    (17, 1718976.7805041447),
2026-09-05 06:52:25,393 - INFO - 	                    (18, 1718979.8298362643),
2026-09-05 06:52:25,393 - INFO - 	                    (19, 1718980.1678244174),
2026-09-05 06:52:25,393 - INFO - 	                    (20, 1718987.1473136619),
2026-09-05 06:52:25,393 - INFO - 	                    (21, 1718990.8094360456),
2026-09-05 06:52:25,393 - INFO - 	                    (22, 1719007.4841046333),
2026-09-05 06:52:25,393 - INFO - 	                    (23, 1719005.1765552908),
2026-09-05 06:52:25,393 - INFO - 	                    (24, 1719012.4853473157),
2026-09-05 06:52:25,394 - INFO - 	                    (25, 1719022.0233292878),
2026-09-05 06:52:25,394 - INFO - 	                    (26, 1719044.2921708673),
2026-09-05 06:52:25,394 - INFO - 	                    (27, 1719031.5567561686),
2026-09-05 06:52:25,394 - INFO - 	                    (28, 1719047.9252820164),
2026-09-05 06:52:25,394 - INFO - 	                    (29, 1719032.3323063701),
2026-09-05 06:52:25,394 - INFO - 	                    (30, 1719047.4278543591)],
2026-09-05 06:52:25,394 - INFO - 	 'krum_score_min': [(1, 448.7491570140819),
2026-09-05 06:52:25,394 - INFO - 	                    (2, 442.92705034447135),
2026-09-05 06:52:25,394 - INFO - 	                    (3, 444.2498571287142),
2026-09-05 06:52:25,394 - INFO - 	                    (4, 447.9633808780927),
2026-09-05 06:52:25,394 - INFO - 	                    (5, 446.8776549855247),
2026-09-05 06:52:25,394 - INFO - 	                    (6, 447.5877899392508),
2026-09-05 06:52:25,394 - INFO - 	                    (7, 447.3349675787613),
2026-09-05 06:52:25,394 - INFO - 	                    (8, 448.75430515315384),
2026-09-05 06:52:25,394 - INFO - 	                    (9, 447.81550208851695),
2026-09-05 06:52:25,394 - INFO - 	                    (10, 449.98716079443693),
2026-09-05 06:52:25,395 - INFO - 	                    (11, 447.1127894576639),
2026-09-05 06:52:25,395 - INFO - 	                    (12, 449.37632055208087),
2026-09-05 06:52:25,395 - INFO - 	                    (13, 448.75470623373985),
2026-09-05 06:52:25,395 - INFO - 	                    (14, 446.57388089969754),
2026-09-05 06:52:25,395 - INFO - 	                    (15, 448.07859401777387),
2026-09-05 06:52:25,395 - INFO - 	                    (16, 449.87146278470755),
2026-09-05 06:52:25,395 - INFO - 	                    (17, 450.6277055218816),
2026-09-05 06:52:25,395 - INFO - 	                    (18, 449.5871819630265),
2026-09-05 06:52:25,395 - INFO - 	                    (19, 447.4089760631323),
2026-09-05 06:52:25,395 - INFO - 	                    (20, 452.3635103702545),
2026-09-05 06:52:25,395 - INFO - 	                    (21, 450.4921059012413),
2026-09-05 06:52:25,395 - INFO - 	                    (22, 452.1672176718712),
2026-09-05 06:52:25,395 - INFO - 	                    (23, 455.19957384467125),
2026-09-05 06:52:25,395 - INFO - 	                    (24, 452.0726619809866),
2026-09-05 06:52:25,395 - INFO - 	                    (25, 458.28510098159313),
2026-09-05 06:52:25,395 - INFO - 	                    (26, 461.3468758314848),
2026-09-05 06:52:25,396 - INFO - 	                    (27, 457.9144178032875),
2026-09-05 06:52:25,396 - INFO - 	                    (28, 458.55044807493687),
2026-09-05 06:52:25,396 - INFO - 	                    (29, 469.3739416450262),
2026-09-05 06:52:25,396 - INFO - 	                    (30, 468.7865021377802)],
2026-09-05 06:52:25,396 - INFO - 	 'n_clusters': [(1, 6),
2026-09-05 06:52:25,396 - INFO - 	                (2, 6),
2026-09-05 06:52:25,396 - INFO - 	                (3, 6),
2026-09-05 06:52:25,396 - INFO - 	                (4, 6),
2026-09-05 06:52:25,396 - INFO - 	                (5, 6),
2026-09-05 06:52:25,396 - INFO - 	                (6, 6),
2026-09-05 06:52:25,396 - INFO - 	                (7, 6),
2026-09-05 06:52:25,396 - INFO - 	                (8, 6),
2026-09-05 06:52:25,396 - INFO - 	                (9, 6),
2026-09-05 06:52:25,396 - INFO - 	                (10, 6),
2026-09-05 06:52:25,396 - INFO - 	                (11, 6),
2026-09-05 06:52:25,396 - INFO - 	                (12, 6),
2026-09-05 06:52:25,396 - INFO - 	                (13, 6),
2026-09-05 06:52:25,396 - INFO - 	                (14, 6),
2026-09-05 06:52:25,397 - INFO - 	                (15, 6),
2026-09-05 06:52:25,397 - INFO - 	                (16, 6),
2026-09-05 06:52:25,397 - INFO - 	                (17, 6),
2026-09-05 06:52:25,397 - INFO - 	                (18, 6),
2026-09-05 06:52:25,397 - INFO - 	                (19, 6),
2026-09-05 06:52:25,397 - INFO - 	                (20, 6),
2026-09-05 06:52:25,397 - INFO - 	                (21, 6),
2026-09-05 06:52:25,397 - INFO - 	                (22, 6),
2026-09-05 06:52:25,397 - INFO - 	                (23, 6),
2026-09-05 06:52:25,397 - INFO - 	                (24, 6),
2026-09-05 06:52:25,397 - INFO - 	                (25, 6),
2026-09-05 06:52:25,397 - INFO - 	                (26, 6),
2026-09-05 06:52:25,397 - INFO - 	                (27, 6),
2026-09-05 06:52:25,397 - INFO - 	                (28, 6),
2026-09-05 06:52:25,397 - INFO - 	                (29, 6),
2026-09-05 06:52:25,398 - INFO - 	                (30, 6)],
2026-09-05 06:52:25,398 - INFO - 	 'num_clients': [(1, 30),
2026-09-05 06:52:25,398 - INFO - 	                 (2, 30),
2026-09-05 06:52:25,398 - INFO - 	                 (3, 30),
2026-09-05 06:52:25,398 - INFO - 	                 (4, 30),
2026-09-05 06:52:25,398 - INFO - 	                 (5, 30),
2026-09-05 06:52:25,398 - INFO - 	                 (6, 30),
2026-09-05 06:52:25,398 - INFO - 	                 (7, 30),
2026-09-05 06:52:25,398 - INFO - 	                 (8, 30),
2026-09-05 06:52:25,398 - INFO - 	                 (9, 30),
2026-09-05 06:52:25,398 - INFO - 	                 (10, 30),
2026-09-05 06:52:25,398 - INFO - 	                 (11, 30),
2026-09-05 06:52:25,398 - INFO - 	                 (12, 30),
2026-09-05 06:52:25,398 - INFO - 	                 (13, 30),
2026-09-05 06:52:25,398 - INFO - 	                 (14, 30),
2026-09-05 06:52:25,398 - INFO - 	                 (15, 30),
2026-09-05 06:52:25,399 - INFO - 	                 (16, 30),
2026-09-05 06:52:25,399 - INFO - 	                 (17, 30),
2026-09-05 06:52:25,399 - INFO - 	                 (18, 30),
2026-09-05 06:52:25,399 - INFO - 	                 (19, 30),
2026-09-05 06:52:25,399 - INFO - 	                 (20, 30),
2026-09-05 06:52:25,399 - INFO - 	                 (21, 30),
2026-09-05 06:52:25,399 - INFO - 	                 (22, 30),
2026-09-05 06:52:25,399 - INFO - 	                 (23, 30),
2026-09-05 06:52:25,399 - INFO - 	                 (24, 30),
2026-09-05 06:52:25,399 - INFO - 	                 (25, 30),
2026-09-05 06:52:25,399 - INFO - 	                 (26, 30),
2026-09-05 06:52:25,399 - INFO - 	                 (27, 30),
2026-09-05 06:52:25,399 - INFO - 	                 (28, 30),
2026-09-05 06:52:25,399 - INFO - 	                 (29, 30),
2026-09-05 06:52:25,399 - INFO - 	                 (30, 30)],
2026-09-05 06:52:25,399 - INFO - 	 'personalized_clients': [(1, 0),
2026-09-05 06:52:25,399 - INFO - 	                          (2, 0),
2026-09-05 06:52:25,400 - INFO - 	                          (3, 0),
2026-09-05 06:52:25,400 - INFO - 	                          (4, 0),
2026-09-05 06:52:25,400 - INFO - 	                          (5, 0),
2026-09-05 06:52:25,400 - INFO - 	                          (6, 0),
2026-09-05 06:52:25,400 - INFO - 	                          (7, 0),
2026-09-05 06:52:25,400 - INFO - 	                          (8, 0),
2026-09-05 06:52:25,400 - INFO - 	                          (9, 0),
2026-09-05 06:52:25,400 - INFO - 	                          (10, 0),
2026-09-05 06:52:25,400 - INFO - 	                          (11, 0),
2026-09-05 06:52:25,400 - INFO - 	                          (12, 0),
2026-09-05 06:52:25,400 - INFO - 	                          (13, 0),
2026-09-05 06:52:25,400 - INFO - 	                          (14, 0),
2026-09-05 06:52:25,400 - INFO - 	                          (15, 0),
2026-09-05 06:52:25,400 - INFO - 	                          (16, 0),
2026-09-05 06:52:25,400 - INFO - 	                          (17, 0),
2026-09-05 06:52:25,400 - INFO - 	                          (18, 0),
2026-09-05 06:52:25,401 - INFO - 	                          (19, 0),
2026-09-05 06:52:25,401 - INFO - 	                          (20, 0),
2026-09-05 06:52:25,401 - INFO - 	                          (21, 0),
2026-09-05 06:52:25,401 - INFO - 	                          (22, 0),
2026-09-05 06:52:25,401 - INFO - 	                          (23, 0),
2026-09-05 06:52:25,401 - INFO - 	                          (24, 0),
2026-09-05 06:52:25,401 - INFO - 	                          (25, 0),
2026-09-05 06:52:25,401 - INFO - 	                          (26, 0),
2026-09-05 06:52:25,401 - INFO - 	                          (27, 0),
2026-09-05 06:52:25,401 - INFO - 	                          (28, 0),
2026-09-05 06:52:25,401 - INFO - 	                          (29, 0),
2026-09-05 06:52:25,401 - INFO - 	                          (30, 0)],
2026-09-05 06:52:25,401 - INFO - 	 'topsis_ci_max': [(1, 0.999980925534062),
2026-09-05 06:52:25,401 - INFO - 	                   (2, 0.999996790889278),
2026-09-05 06:52:25,401 - INFO - 	                   (3, 0.9999991313251892),
2026-09-05 06:52:25,401 - INFO - 	                   (4, 0.9999996239879937),
2026-09-05 06:52:25,401 - INFO - 	                   (5, 0.9999998305674019),
2026-09-05 06:52:25,401 - INFO - 	                   (6, 0.9999999153439629),
2026-09-05 06:52:25,402 - INFO - 	                   (7, 0.9999999451450805),
2026-09-05 06:52:25,402 - INFO - 	                   (8, 0.9999999626847276),
2026-09-05 06:52:25,402 - INFO - 	                   (9, 0.9999999717100794),
2026-09-05 06:52:25,402 - INFO - 	                   (10, 0.9999999759841458),
2026-09-05 06:52:25,402 - INFO - 	                   (11, 0.9999999811643464),
2026-09-05 06:52:25,402 - INFO - 	                   (12, 0.9999999844068683),
2026-09-05 06:52:25,402 - INFO - 	                   (13, 0.9999999867309898),
2026-09-05 06:52:25,402 - INFO - 	                   (14, 0.9999999925452823),
2026-09-05 06:52:25,402 - INFO - 	                   (15, 0.9999999869122081),
2026-09-05 06:52:25,402 - INFO - 	                   (16, 0.9999999928821686),
2026-09-05 06:52:25,402 - INFO - 	                   (17, 0.9999999957627947),
2026-09-05 06:52:25,402 - INFO - 	                   (18, 0.999999994624406),
2026-09-05 06:52:25,402 - INFO - 	                   (19, 0.9999999988475219),
2026-09-05 06:52:25,402 - INFO - 	                   (20, 0.9999999965790388),
2026-09-05 06:52:25,402 - INFO - 	                   (21, 0.9999999967835866),
2026-09-05 06:52:25,402 - INFO - 	                   (22, 0.9999999974556867),
2026-09-05 06:52:25,403 - INFO - 	                   (23, 0.9999999950930696),
2026-09-05 06:52:25,403 - INFO - 	                   (24, 0.9999999948962273),
2026-09-05 06:52:25,403 - INFO - 	                   (25, 0.9999999945778736),
2026-09-05 06:52:25,403 - INFO - 	                   (26, 0.9999999962470159),
2026-09-05 06:52:25,403 - INFO - 	                   (27, 0.9999999912468198),
2026-09-05 06:52:25,403 - INFO - 	                   (28, 0.9999999951140294),
2026-09-05 06:52:25,403 - INFO - 	                   (29, 0.999999989913292),
2026-09-05 06:52:25,403 - INFO - 	                   (30, 0.999999994923427)],
2026-09-05 06:52:25,403 - INFO - 	 'topsis_ci_min': [(1, 0.20509117048954223),
2026-09-05 06:52:25,403 - INFO - 	                   (2, 0.00018719476176420554),
2026-09-05 06:52:25,403 - INFO - 	                   (3, 2.075409742700635e-05),
2026-09-05 06:52:25,403 - INFO - 	                   (4, 3.8732447165029915e-06),
2026-09-05 06:52:25,403 - INFO - 	                   (5, 5.759354880694623e-07),
2026-09-05 06:52:25,403 - INFO - 	                   (6, 0.0),
2026-09-05 06:52:25,403 - INFO - 	                   (7, 0.0),
2026-09-05 06:52:25,403 - INFO - 	                   (8, 0.0),
2026-09-05 06:52:25,403 - INFO - 	                   (9, 0.0),
2026-09-05 06:52:25,404 - INFO - 	                   (10, 0.0),
2026-09-05 06:52:25,404 - INFO - 	                   (11, 0.0),
2026-09-05 06:52:25,404 - INFO - 	                   (12, 0.0),
2026-09-05 06:52:25,404 - INFO - 	                   (13, 0.0),
2026-09-05 06:52:25,404 - INFO - 	                   (14, 0.0),
2026-09-05 06:52:25,404 - INFO - 	                   (15, 0.0),
2026-09-05 06:52:25,404 - INFO - 	                   (16, 2.1905801255362974e-08),
2026-09-05 06:52:25,404 - INFO - 	                   (17, 1.60339285998568e-08),
2026-09-05 06:52:25,404 - INFO - 	                   (18, 1.8578187914833762e-08),
2026-09-05 06:52:25,404 - INFO - 	                   (19, 2.1007389645409942e-08),
2026-09-05 06:52:25,404 - INFO - 	                   (20, 3.457278472986271e-08),
2026-09-05 06:52:25,404 - INFO - 	                   (21, 5.950756039923331e-10),
2026-09-05 06:52:25,404 - INFO - 	                   (22, 1.0409074915997999e-08),
2026-09-05 06:52:25,404 - INFO - 	                   (23, 2.198927656716568e-08),
2026-09-05 06:52:25,404 - INFO - 	                   (24, 0.0),
2026-09-05 06:52:25,404 - INFO - 	                   (25, 0.0),
2026-09-05 06:52:25,404 - INFO - 	                   (26, 1.5961105444080915e-08),
2026-09-05 06:52:25,405 - INFO - 	                   (27, 4.298412536568945e-08),
2026-09-05 06:52:25,405 - INFO - 	                   (28, 1.0700433416610979e-08),
2026-09-05 06:52:25,405 - INFO - 	                   (29, 5.047981946610232e-10),
2026-09-05 06:52:25,405 - INFO - 	                   (30, 9.726705621546024e-09)],
2026-09-05 06:52:25,405 - INFO - 	 'topsis_kept': [(1, 38),
2026-09-05 06:52:25,405 - INFO - 	                 (2, 38),
2026-09-05 06:52:25,405 - INFO - 	                 (3, 38),
2026-09-05 06:52:25,405 - INFO - 	                 (4, 38),
2026-09-05 06:52:25,405 - INFO - 	                 (5, 38),
2026-09-05 06:52:25,405 - INFO - 	                 (6, 38),
2026-09-05 06:52:25,405 - INFO - 	                 (7, 38),
2026-09-05 06:52:25,405 - INFO - 	                 (8, 38),
2026-09-05 06:52:25,405 - INFO - 	                 (9, 38),
2026-09-05 06:52:25,405 - INFO - 	                 (10, 38),
2026-09-05 06:52:25,405 - INFO - 	                 (11, 38),
2026-09-05 06:52:25,405 - INFO - 	                 (12, 38),
2026-09-05 06:52:25,406 - INFO - 	                 (13, 38),
2026-09-05 06:52:25,406 - INFO - 	                 (14, 38),
2026-09-05 06:52:25,406 - INFO - 	                 (15, 38),
2026-09-05 06:52:25,406 - INFO - 	                 (16, 38),
2026-09-05 06:52:25,406 - INFO - 	                 (17, 38),
2026-09-05 06:52:25,406 - INFO - 	                 (18, 38),
2026-09-05 06:52:25,406 - INFO - 	                 (19, 38),
2026-09-05 06:52:25,406 - INFO - 	                 (20, 38),
2026-09-05 06:52:25,406 - INFO - 	                 (21, 38),
2026-09-05 06:52:25,406 - INFO - 	                 (22, 38),
2026-09-05 06:52:25,406 - INFO - 	                 (23, 38),
2026-09-05 06:52:25,406 - INFO - 	                 (24, 38),
2026-09-05 06:52:25,406 - INFO - 	                 (25, 38),
2026-09-05 06:52:25,406 - INFO - 	                 (26, 38),
2026-09-05 06:52:25,406 - INFO - 	                 (27, 38),
2026-09-05 06:52:25,406 - INFO - 	                 (28, 38),
2026-09-05 06:52:25,406 - INFO - 	                 (29, 38),
2026-09-05 06:52:25,407 - INFO - 	                 (30, 38)],
2026-09-05 06:52:25,407 - INFO - 	 'train_loss': [(1, 0.18563559457248296),
2026-09-05 06:52:25,407 - INFO - 	                (2, 0.09629325106017084),
2026-09-05 06:52:25,407 - INFO - 	                (3, 0.07381934892865046),
2026-09-05 06:52:25,407 - INFO - 	                (4, 0.06616285742452767),
2026-09-05 06:52:25,407 - INFO - 	                (5, 0.06091480428355535),
2026-09-05 06:52:25,407 - INFO - 	                (6, 0.056812086535349034),
2026-09-05 06:52:25,407 - INFO - 	                (7, 0.05408095122372643),
2026-09-05 06:52:25,407 - INFO - 	                (8, 0.052502153525531114),
2026-09-05 06:52:25,407 - INFO - 	                (9, 0.051412031706876735),
2026-09-05 06:52:25,407 - INFO - 	                (10, 0.049975919600101525),
2026-09-05 06:52:25,407 - INFO - 	                (11, 0.048801188033500115),
2026-09-05 06:52:25,407 - INFO - 	                (12, 0.04811496306886193),
2026-09-05 06:52:25,407 - INFO - 	                (13, 0.047618712754950686),
2026-09-05 06:52:25,407 - INFO - 	                (14, 0.04700064154761016),
2026-09-05 06:52:25,407 - INFO - 	                (15, 0.04685031048572009),
2026-09-05 06:52:25,408 - INFO - 	                (16, 0.04629578014989671),
2026-09-05 06:52:25,408 - INFO - 	                (17, 0.04616745964250246),
2026-09-05 06:52:25,408 - INFO - 	                (18, 0.04530171767915542),
2026-09-05 06:52:25,408 - INFO - 	                (19, 0.04552517210678515),
2026-09-05 06:52:25,408 - INFO - 	                (20, 0.04450491619506272),
2026-09-05 06:52:25,408 - INFO - 	                (21, 0.04462103473756523),
2026-09-05 06:52:25,408 - INFO - 	                (22, 0.043961591735977835),
2026-09-05 06:52:25,408 - INFO - 	                (23, 0.04397461839439162),
2026-09-05 06:52:25,408 - INFO - 	                (24, 0.0435020235907539),
2026-09-05 06:52:25,408 - INFO - 	                (25, 0.043233412301998585),
2026-09-05 06:52:25,408 - INFO - 	                (26, 0.04323293536618242),
2026-09-05 06:52:25,408 - INFO - 	                (27, 0.04287750489853793),
2026-09-05 06:52:25,408 - INFO - 	                (28, 0.04239522127524282),
2026-09-05 06:52:25,408 - INFO - 	                (29, 0.04268819253866796),
2026-09-05 06:52:25,408 - INFO - 	                (30, 0.04223533054289454)]}
2026-09-05 06:52:25,408 - INFO - 	History (metrics, centralized):
2026-09-05 06:52:25,409 - INFO - 	{'accuracy': [(1, 0.010182262550101516),
2026-09-05 06:52:25,409 - INFO - 	              (2, 0.3705438410959568),
2026-09-05 06:52:25,409 - INFO - 	              (3, 0.37095984007879007),
2026-09-05 06:52:25,409 - INFO - 	              (4, 0.3710892563784829),
2026-09-05 06:52:25,409 - INFO - 	              (5, 0.3711548474855397),
2026-09-05 06:52:25,409 - INFO - 	              (6, 0.3712325477200531),
2026-09-05 06:52:25,409 - INFO - 	              (7, 0.3731513398749531),
2026-09-05 06:52:25,409 - INFO - 	              (8, 0.372359957940964),
2026-09-05 06:52:25,409 - INFO - 	              (9, 0.37174743791044895),
2026-09-05 06:52:25,409 - INFO - 	              (10, 0.37639809967426446),
2026-09-05 06:52:25,409 - INFO - 	              (11, 0.37836684197992304),
2026-09-05 06:52:25,409 - INFO - 	              (12, 0.3756917339059605),
2026-09-05 06:52:25,409 - INFO - 	              (13, 0.3726939680399763),
2026-09-05 06:52:25,409 - INFO - 	              (14, 0.38040470722147995),
2026-09-05 06:52:25,409 - INFO - 	              (15, 0.37697025594659067),
2026-09-05 06:52:25,409 - INFO - 	              (16, 0.3774362050801826),
2026-09-05 06:52:25,409 - INFO - 	              (17, 0.3773882731173334),
2026-09-05 06:52:25,409 - INFO - 	              (18, 0.3797515711592875),
2026-09-05 06:52:25,409 - INFO - 	              (19, 0.37231505325997893),
2026-09-05 06:52:25,409 - INFO - 	              (20, 0.375018920511651),
2026-09-05 06:52:25,409 - INFO - 	              (21, 0.3719288225488099),
2026-09-05 06:52:25,409 - INFO - 	              (22, 0.3774336823452958),
2026-09-05 06:52:25,410 - INFO - 	              (23, 0.37499142270138486),
2026-09-05 06:52:25,410 - INFO - 	              (24, 0.38077655834379426),
2026-09-05 06:52:25,410 - INFO - 	              (25, 0.3751869346551119),
2026-09-05 06:52:25,410 - INFO - 	              (26, 0.38323698167889014),
2026-09-05 06:52:25,410 - INFO - 	              (27, 0.37861684500720494),
2026-09-05 06:52:25,410 - INFO - 	              (28, 0.37656207744190645),
2026-09-05 06:52:25,410 - INFO - 	              (29, 0.374634203441414),
2026-09-05 06:52:25,410 - INFO - 	              (30, 0.37759337146363026)],
2026-09-05 06:52:25,410 - INFO - 	 'macro_f1': [(1, 0.003446353547087212),
2026-09-05 06:52:25,410 - INFO - 	              (2, 0.2837400418230508),
2026-09-05 06:52:25,410 - INFO - 	              (3, 0.28545871691073854),
2026-09-05 06:52:25,410 - INFO - 	              (4, 0.28398100204858084),
2026-09-05 06:52:25,410 - INFO - 	              (5, 0.2849022580866853),
2026-09-05 06:52:25,410 - INFO - 	              (6, 0.2851744755373873),
2026-09-05 06:52:25,410 - INFO - 	              (7, 0.294137565531238),
2026-09-05 06:52:25,410 - INFO - 	              (8, 0.29060689051756045),
2026-09-05 06:52:25,410 - INFO - 	              (9, 0.28799908288442505),
2026-09-05 06:52:25,410 - INFO - 	              (10, 0.3061095254806896),
2026-09-05 06:52:25,410 - INFO - 	              (11, 0.3144796177524865),
2026-09-05 06:52:25,410 - INFO - 	              (12, 0.3053281281669619),
2026-09-05 06:52:25,410 - INFO - 	              (13, 0.29297865327353484),
2026-09-05 06:52:25,410 - INFO - 	              (14, 0.323166476705731),
2026-09-05 06:52:25,410 - INFO - 	              (15, 0.31031848292688236),
2026-09-05 06:52:25,411 - INFO - 	              (16, 0.31228011952678525),
2026-09-05 06:52:25,411 - INFO - 	              (17, 0.3122806045344754),
2026-09-05 06:52:25,411 - INFO - 	              (18, 0.3213212667038929),
2026-09-05 06:52:25,411 - INFO - 	              (19, 0.2921029742079226),
2026-09-05 06:52:25,411 - INFO - 	              (20, 0.3036309918481304),
2026-09-05 06:52:25,411 - INFO - 	              (21, 0.29171154959369067),
2026-09-05 06:52:25,411 - INFO - 	              (22, 0.31367550539952455),
2026-09-05 06:52:25,411 - INFO - 	              (23, 0.30365600963242645),
2026-09-05 06:52:25,411 - INFO - 	              (24, 0.3256096149211998),
2026-09-05 06:52:25,411 - INFO - 	              (25, 0.30445361642722774),
2026-09-05 06:52:25,411 - INFO - 	              (26, 0.33427516229450993),
2026-09-05 06:52:25,411 - INFO - 	              (27, 0.31863411037597417),
2026-09-05 06:52:25,411 - INFO - 	              (28, 0.31016443316215786),
2026-09-05 06:52:25,411 - INFO - 	              (29, 0.3033765924255243),
2026-09-05 06:52:25,411 - INFO - 	              (30, 0.31436927473931925)],
2026-09-05 06:52:25,411 - INFO - 	 'macro_precision': [(1, 0.1861271573727863),
2026-09-05 06:52:25,411 - INFO - 	                     (2, 0.23590785363502728),
2026-09-05 06:52:25,411 - INFO - 	                     (3, 0.23811598395495123),
2026-09-05 06:52:25,411 - INFO - 	                     (4, 0.4009855925273793),
2026-09-05 06:52:25,411 - INFO - 	                     (5, 0.40241837755402377),
2026-09-05 06:52:25,411 - INFO - 	                     (6, 0.401419202273716),
2026-09-05 06:52:25,411 - INFO - 	                     (7, 0.40340419067996197),
2026-09-05 06:52:25,411 - INFO - 	                     (8, 0.40312227738324485),
2026-09-05 06:52:25,411 - INFO - 	                     (9, 0.40292826518136043),
2026-09-05 06:52:25,411 - INFO - 	                     (10, 0.40144885975430816),
2026-09-05 06:52:25,411 - INFO - 	                     (11, 0.40424433500203055),
2026-09-05 06:52:25,412 - INFO - 	                     (12, 0.5051284141320469),
2026-09-05 06:52:25,412 - INFO - 	                     (13, 0.5038966642438673),
2026-09-05 06:52:25,412 - INFO - 	                     (14, 0.46241527729758314),
2026-09-05 06:52:25,412 - INFO - 	                     (15, 0.5166781139454497),
2026-09-05 06:52:25,412 - INFO - 	                     (16, 0.5167713157354697),
2026-09-05 06:52:25,412 - INFO - 	                     (17, 0.48963199052097955),
2026-09-05 06:52:25,412 - INFO - 	                     (18, 0.5746997513574345),
2026-09-05 06:52:25,412 - INFO - 	                     (19, 0.4897289297663379),
2026-09-05 06:52:25,412 - INFO - 	                     (20, 0.49076870851766036),
2026-09-05 06:52:25,412 - INFO - 	                     (21, 0.4907926544210543),
2026-09-05 06:52:25,412 - INFO - 	                     (22, 0.4831230869689466),
2026-09-05 06:52:25,412 - INFO - 	                     (23, 0.5751772018607247),
2026-09-05 06:52:25,412 - INFO - 	                     (24, 0.5761708028920474),
2026-09-05 06:52:25,412 - INFO - 	                     (25, 0.5752113038589811),
2026-09-05 06:52:25,412 - INFO - 	                     (26, 0.5772560822874679),
2026-09-05 06:52:25,412 - INFO - 	                     (27, 0.5773709467566942),
2026-09-05 06:52:25,412 - INFO - 	                     (28, 0.49377794130435787),
2026-09-05 06:52:25,412 - INFO - 	                     (29, 0.5343382657894908),
2026-09-05 06:52:25,412 - INFO - 	                     (30, 0.5218477062182333)],
2026-09-05 06:52:25,412 - INFO - 	 'macro_recall': [(1, 0.16671564545193027),
2026-09-05 06:52:25,412 - INFO - 	                  (2, 0.49708845776270344),
2026-09-05 06:52:25,412 - INFO - 	                  (3, 0.49828889938268883),
2026-09-05 06:52:25,412 - INFO - 	                  (4, 0.49907983201586625),
2026-09-05 06:52:25,412 - INFO - 	                  (5, 0.4992586132894665),
2026-09-05 06:52:25,412 - INFO - 	                  (6, 0.4995413874870973),
2026-09-05 06:52:25,412 - INFO - 	                  (7, 0.5033153046593771),
2026-09-05 06:52:25,412 - INFO - 	                  (8, 0.5019485025213629),
2026-09-05 06:52:25,413 - INFO - 	                  (9, 0.5007752362596505),
2026-09-05 06:52:25,413 - INFO - 	                  (10, 0.5103324775657927),
2026-09-05 06:52:25,413 - INFO - 	                  (11, 0.5140311776923127),
2026-09-05 06:52:25,413 - INFO - 	                  (12, 0.5089161696382061),
2026-09-05 06:52:25,413 - INFO - 	                  (13, 0.5029961251679931),
2026-09-05 06:52:25,413 - INFO - 	                  (14, 0.5181252596323561),
2026-09-05 06:52:25,413 - INFO - 	                  (15, 0.5114225662173156),
2026-09-05 06:52:25,413 - INFO - 	                  (16, 0.5124916217069722),
2026-09-05 06:52:25,413 - INFO - 	                  (17, 0.5122864077217391),
2026-09-05 06:52:25,413 - INFO - 	                  (18, 0.5167968947696922),
2026-09-05 06:52:25,413 - INFO - 	                  (19, 0.5019817759381855),
2026-09-05 06:52:25,413 - INFO - 	                  (20, 0.5074659017034409),
2026-09-05 06:52:25,413 - INFO - 	                  (21, 0.5015161927484203),
2026-09-05 06:52:25,413 - INFO - 	                  (22, 0.5122515830996349),
2026-09-05 06:52:25,413 - INFO - 	                  (23, 0.507143860561449),
2026-09-05 06:52:25,413 - INFO - 	                  (24, 0.5187498340080805),
2026-09-05 06:52:25,413 - INFO - 	                  (25, 0.5075751635618403),
2026-09-05 06:52:25,413 - INFO - 	                  (26, 0.5235048890549335),
2026-09-05 06:52:25,413 - INFO - 	                  (27, 0.5143379048034683),
2026-09-05 06:52:25,413 - INFO - 	                  (28, 0.509864783489029),
2026-09-05 06:52:25,413 - INFO - 	                  (29, 0.5066754032993903),
2026-09-05 06:52:25,413 - INFO - 	                  (30, 0.5120317901512678)],
2026-09-05 06:52:25,413 - INFO - 	 'micro_f1': [(1, 0.010182262550101516),
2026-09-05 06:52:25,413 - INFO - 	              (2, 0.3705438410959568),
2026-09-05 06:52:25,414 - INFO - 	              (3, 0.37095984007879007),
2026-09-05 06:52:25,414 - INFO - 	              (4, 0.3710892563784829),
2026-09-05 06:52:25,414 - INFO - 	              (5, 0.3711548474855397),
2026-09-05 06:52:25,414 - INFO - 	              (6, 0.3712325477200531),
2026-09-05 06:52:25,414 - INFO - 	              (7, 0.3731513398749531),
2026-09-05 06:52:25,414 - INFO - 	              (8, 0.372359957940964),
2026-09-05 06:52:25,414 - INFO - 	              (9, 0.37174743791044895),
2026-09-05 06:52:25,414 - INFO - 	              (10, 0.37639809967426446),
2026-09-05 06:52:25,414 - INFO - 	              (11, 0.37836684197992304),
2026-09-05 06:52:25,414 - INFO - 	              (12, 0.3756917339059605),
2026-09-05 06:52:25,414 - INFO - 	              (13, 0.3726939680399763),
2026-09-05 06:52:25,414 - INFO - 	              (14, 0.38040470722147995),
2026-09-05 06:52:25,414 - INFO - 	              (15, 0.37697025594659067),
2026-09-05 06:52:25,414 - INFO - 	              (16, 0.3774362050801826),
2026-09-05 06:52:25,414 - INFO - 	              (17, 0.3773882731173334),
2026-09-05 06:52:25,414 - INFO - 	              (18, 0.3797515711592875),
2026-09-05 06:52:25,414 - INFO - 	              (19, 0.37231505325997893),
2026-09-05 06:52:25,414 - INFO - 	              (20, 0.375018920511651),
2026-09-05 06:52:25,414 - INFO - 	              (21, 0.3719288225488099),
2026-09-05 06:52:25,414 - INFO - 	              (22, 0.3774336823452958),
2026-09-05 06:52:25,414 - INFO - 	              (23, 0.37499142270138486),
2026-09-05 06:52:25,414 - INFO - 	              (24, 0.38077655834379426),
2026-09-05 06:52:25,414 - INFO - 	              (25, 0.3751869346551119),
2026-09-05 06:52:25,415 - INFO - 	              (26, 0.38323698167889014),
2026-09-05 06:52:25,415 - INFO - 	              (27, 0.37861684500720494),
2026-09-05 06:52:25,415 - INFO - 	              (28, 0.37656207744190645),
2026-09-05 06:52:25,415 - INFO - 	              (29, 0.374634203441414),
2026-09-05 06:52:25,415 - INFO - 	              (30, 0.37759337146363026)],
2026-09-05 06:52:25,415 - INFO - 	 'micro_precision': [(1, 0.010182262550101516),
2026-09-05 06:52:25,415 - INFO - 	                     (2, 0.3705438410959568),
2026-09-05 06:52:25,415 - INFO - 	                     (3, 0.37095984007879007),
2026-09-05 06:52:25,415 - INFO - 	                     (4, 0.3710892563784829),
2026-09-05 06:52:25,415 - INFO - 	                     (5, 0.3711548474855397),
2026-09-05 06:52:25,415 - INFO - 	                     (6, 0.3712325477200531),
2026-09-05 06:52:25,415 - INFO - 	                     (7, 0.3731513398749531),
2026-09-05 06:52:25,415 - INFO - 	                     (8, 0.372359957940964),
2026-09-05 06:52:25,415 - INFO - 	                     (9, 0.37174743791044895),
2026-09-05 06:52:25,415 - INFO - 	                     (10, 0.37639809967426446),
2026-09-05 06:52:25,415 - INFO - 	                     (11, 0.37836684197992304),
2026-09-05 06:52:25,415 - INFO - 	                     (12, 0.3756917339059605),
2026-09-05 06:52:25,415 - INFO - 	                     (13, 0.3726939680399763),
2026-09-05 06:52:25,415 - INFO - 	                     (14, 0.38040470722147995),
2026-09-05 06:52:25,415 - INFO - 	                     (15, 0.37697025594659067),
2026-09-05 06:52:25,415 - INFO - 	                     (16, 0.3774362050801826),
2026-09-05 06:52:25,415 - INFO - 	                     (17, 0.3773882731173334),
2026-09-05 06:52:25,415 - INFO - 	                     (18, 0.3797515711592875),
2026-09-05 06:52:25,415 - INFO - 	                     (19, 0.37231505325997893),
2026-09-05 06:52:25,415 - INFO - 	                     (20, 0.375018920511651),
2026-09-05 06:52:25,416 - INFO - 	                     (21, 0.3719288225488099),
2026-09-05 06:52:25,416 - INFO - 	                     (22, 0.3774336823452958),
2026-09-05 06:52:25,416 - INFO - 	                     (23, 0.37499142270138486),
2026-09-05 06:52:25,416 - INFO - 	                     (24, 0.38077655834379426),
2026-09-05 06:52:25,416 - INFO - 	                     (25, 0.3751869346551119),
2026-09-05 06:52:25,416 - INFO - 	                     (26, 0.38323698167889014),
2026-09-05 06:52:25,416 - INFO - 	                     (27, 0.37861684500720494),
2026-09-05 06:52:25,416 - INFO - 	                     (28, 0.37656207744190645),
2026-09-05 06:52:25,416 - INFO - 	                     (29, 0.374634203441414),
2026-09-05 06:52:25,416 - INFO - 	                     (30, 0.37759337146363026)],
2026-09-05 06:52:25,416 - INFO - 	 'micro_recall': [(1, 0.010182262550101516),
2026-09-05 06:52:25,416 - INFO - 	                  (2, 0.3705438410959568),
2026-09-05 06:52:25,416 - INFO - 	                  (3, 0.37095984007879007),
2026-09-05 06:52:25,416 - INFO - 	                  (4, 0.3710892563784829),
2026-09-05 06:52:25,416 - INFO - 	                  (5, 0.3711548474855397),
2026-09-05 06:52:25,416 - INFO - 	                  (6, 0.3712325477200531),
2026-09-05 06:52:25,416 - INFO - 	                  (7, 0.3731513398749531),
2026-09-05 06:52:25,416 - INFO - 	                  (8, 0.372359957940964),
2026-09-05 06:52:25,416 - INFO - 	                  (9, 0.37174743791044895),
2026-09-05 06:52:25,416 - INFO - 	                  (10, 0.37639809967426446),
2026-09-05 06:52:25,416 - INFO - 	                  (11, 0.37836684197992304),
2026-09-05 06:52:25,416 - INFO - 	                  (12, 0.3756917339059605),
2026-09-05 06:52:25,416 - INFO - 	                  (13, 0.3726939680399763),
2026-09-05 06:52:25,416 - INFO - 	                  (14, 0.38040470722147995),
2026-09-05 06:52:25,417 - INFO - 	                  (15, 0.37697025594659067),
2026-09-05 06:52:25,417 - INFO - 	                  (16, 0.3774362050801826),
2026-09-05 06:52:25,417 - INFO - 	                  (17, 0.3773882731173334),
2026-09-05 06:52:25,417 - INFO - 	                  (18, 0.3797515711592875),
2026-09-05 06:52:25,417 - INFO - 	                  (19, 0.37231505325997893),
2026-09-05 06:52:25,417 - INFO - 	                  (20, 0.375018920511651),
2026-09-05 06:52:25,417 - INFO - 	                  (21, 0.3719288225488099),
2026-09-05 06:52:25,417 - INFO - 	                  (22, 0.3774336823452958),
2026-09-05 06:52:25,417 - INFO - 	                  (23, 0.37499142270138486),
2026-09-05 06:52:25,417 - INFO - 	                  (24, 0.38077655834379426),
2026-09-05 06:52:25,417 - INFO - 	                  (25, 0.3751869346551119),
2026-09-05 06:52:25,417 - INFO - 	                  (26, 0.38323698167889014),
2026-09-05 06:52:25,417 - INFO - 	                  (27, 0.37861684500720494),
2026-09-05 06:52:25,417 - INFO - 	                  (28, 0.37656207744190645),
2026-09-05 06:52:25,417 - INFO - 	                  (29, 0.374634203441414),
2026-09-05 06:52:25,417 - INFO - 	                  (30, 0.37759337146363026)],
2026-09-05 06:52:25,417 - INFO - 	 'weighted_f1': [(1, 0.00037584355783224486),
2026-09-05 06:52:25,417 - INFO - 	                 (2, 0.21112558976863768),
2026-09-05 06:52:25,417 - INFO - 	                 (3, 0.21142379701217942),
2026-09-05 06:52:25,417 - INFO - 	                 (4, 0.2112139858839162),
2026-09-05 06:52:25,417 - INFO - 	                 (5, 0.2113589505833032),
2026-09-05 06:52:25,417 - INFO - 	                 (6, 0.21153094517477167),
2026-09-05 06:52:25,417 - INFO - 	                 (7, 0.21540986658290018),
2026-09-05 06:52:25,417 - INFO - 	                 (8, 0.21387371905918426),
2026-09-05 06:52:25,417 - INFO - 	                 (9, 0.21270068648881313),
2026-09-05 06:52:25,418 - INFO - 	                 (10, 0.22151779516303988),
2026-09-05 06:52:25,418 - INFO - 	                 (11, 0.2249157724338891),
2026-09-05 06:52:25,418 - INFO - 	                 (12, 0.2201948235847464),
2026-09-05 06:52:25,418 - INFO - 	                 (13, 0.21458203286680966),
2026-09-05 06:52:25,418 - INFO - 	                 (14, 0.22839616624044334),
2026-09-05 06:52:25,418 - INFO - 	                 (15, 0.22253537210094965),
2026-09-05 06:52:25,418 - INFO - 	                 (16, 0.2234084119362485),
2026-09-05 06:52:25,418 - INFO - 	                 (17, 0.2233060827567687),
2026-09-05 06:52:25,418 - INFO - 	                 (18, 0.2273348029870845),
2026-09-05 06:52:25,418 - INFO - 	                 (19, 0.21382347738610905),
2026-09-05 06:52:25,418 - INFO - 	                 (20, 0.21899973070240047),
2026-09-05 06:52:25,418 - INFO - 	                 (21, 0.21308019979745468),
2026-09-05 06:52:25,418 - INFO - 	                 (22, 0.22332476635495024),
2026-09-05 06:52:25,418 - INFO - 	                 (23, 0.21892914075115424),
2026-09-05 06:52:25,418 - INFO - 	                 (24, 0.22898704276040904),
2026-09-05 06:52:25,418 - INFO - 	                 (25, 0.21928978508619462),
2026-09-05 06:52:25,418 - INFO - 	                 (26, 0.23290406532931793),
2026-09-05 06:52:25,418 - INFO - 	                 (27, 0.2253935393449265),
2026-09-05 06:52:25,418 - INFO - 	                 (28, 0.22178353841722195),
2026-09-05 06:52:25,418 - INFO - 	                 (29, 0.21826038734082615),
2026-09-05 06:52:25,418 - INFO - 	                 (30, 0.22359626360055132)],
2026-09-05 06:52:25,419 - INFO - 	 'weighted_precision': [(1, 0.3424388664642616),
2026-09-05 06:52:25,419 - INFO - 	                        (2, 0.15160848498759277),
2026-09-05 06:52:25,419 - INFO - 	                        (3, 0.15192944980738876),
2026-09-05 06:52:25,419 - INFO - 	                        (4, 0.23441608715688622),
2026-09-05 06:52:25,419 - INFO - 	                        (5, 0.23458813923168415),
2026-09-05 06:52:25,419 - INFO - 	                        (6, 0.23419994081340043),
2026-09-05 06:52:25,419 - INFO - 	                        (7, 0.23439822626200266),
2026-09-05 06:52:25,419 - INFO - 	                        (8, 0.23454582981502936),
2026-09-05 06:52:25,419 - INFO - 	                        (9, 0.23459027118694525),
2026-09-05 06:52:25,419 - INFO - 	                        (10, 0.2343789611307643),
2026-09-05 06:52:25,419 - INFO - 	                        (11, 0.23467762200820977),
2026-09-05 06:52:25,419 - INFO - 	                        (12, 0.23508199636983976),
2026-09-05 06:52:25,419 - INFO - 	                        (13, 0.23497530322321727),
2026-09-05 06:52:25,419 - INFO - 	                        (14, 0.23510655003789965),
2026-09-05 06:52:25,419 - INFO - 	                        (15, 0.23513577046049078),
2026-09-05 06:52:25,419 - INFO - 	                        (16, 0.2351318078307826),
2026-09-05 06:52:25,420 - INFO - 	                        (17, 0.23514952851105833),
2026-09-05 06:52:25,420 - INFO - 	                        (18, 0.23554173495859398),
2026-09-05 06:52:25,420 - INFO - 	                        (19, 0.23526451982172986),
2026-09-05 06:52:25,420 - INFO - 	                        (20, 0.23536712449415173),
2026-09-05 06:52:25,420 - INFO - 	                        (21, 0.23541526154197912),
2026-09-05 06:52:25,420 - INFO - 	                        (22, 0.2355026745708188),
2026-09-05 06:52:25,420 - INFO - 	                        (23, 0.2356947311623376),
2026-09-05 06:52:25,420 - INFO - 	                        (24, 0.2357089645016586),
2026-09-05 06:52:25,420 - INFO - 	                        (25, 0.23569347247904351),
2026-09-05 06:52:25,420 - INFO - 	                        (26, 0.23580617855956174),
2026-09-05 06:52:25,420 - INFO - 	                        (27, 0.23590922349711274),
2026-09-05 06:52:25,420 - INFO - 	                        (28, 0.23571704394040402),
2026-09-05 06:52:25,420 - INFO - 	                        (29, 0.2356981465288523),
2026-09-05 06:52:25,420 - INFO - 	                        (30, 0.2358045382290065)],
2026-09-05 06:52:25,420 - INFO - 	 'weighted_recall': [(1, 0.010182262550101516),
2026-09-05 06:52:25,420 - INFO - 	                     (2, 0.3705438410959568),
2026-09-05 06:52:25,421 - INFO - 	                     (3, 0.37095984007879007),
2026-09-05 06:52:25,421 - INFO - 	                     (4, 0.3710892563784829),
2026-09-05 06:52:25,421 - INFO - 	                     (5, 0.3711548474855397),
2026-09-05 06:52:25,421 - INFO - 	                     (6, 0.3712325477200531),
2026-09-05 06:52:25,421 - INFO - 	                     (7, 0.3731513398749531),
2026-09-05 06:52:25,421 - INFO - 	                     (8, 0.372359957940964),
2026-09-05 06:52:25,421 - INFO - 	                     (9, 0.37174743791044895),
2026-09-05 06:52:25,421 - INFO - 	                     (10, 0.37639809967426446),
2026-09-05 06:52:25,421 - INFO - 	                     (11, 0.37836684197992304),
2026-09-05 06:52:25,421 - INFO - 	                     (12, 0.3756917339059605),
2026-09-05 06:52:25,421 - INFO - 	                     (13, 0.3726939680399763),
2026-09-05 06:52:25,421 - INFO - 	                     (14, 0.38040470722147995),
2026-09-05 06:52:25,421 - INFO - 	                     (15, 0.37697025594659067),
2026-09-05 06:52:25,421 - INFO - 	                     (16, 0.3774362050801826),
2026-09-05 06:52:25,421 - INFO - 	                     (17, 0.3773882731173334),
2026-09-05 06:52:25,421 - INFO - 	                     (18, 0.3797515711592875),
2026-09-05 06:52:25,422 - INFO - 	                     (19, 0.37231505325997893),
2026-09-05 06:52:25,422 - INFO - 	                     (20, 0.375018920511651),
2026-09-05 06:52:25,422 - INFO - 	                     (21, 0.3719288225488099),
2026-09-05 06:52:25,422 - INFO - 	                     (22, 0.3774336823452958),
2026-09-05 06:52:25,422 - INFO - 	                     (23, 0.37499142270138486),
2026-09-05 06:52:25,422 - INFO - 	                     (24, 0.38077655834379426),
2026-09-05 06:52:25,422 - INFO - 	                     (25, 0.3751869346551119),
2026-09-05 06:52:25,422 - INFO - 	                     (26, 0.38323698167889014),
2026-09-05 06:52:25,422 - INFO - 	                     (27, 0.37861684500720494),
2026-09-05 06:52:25,422 - INFO - 	                     (28, 0.37656207744190645),
2026-09-05 06:52:25,422 - INFO - 	                     (29, 0.374634203441414),
2026-09-05 06:52:25,422 - INFO - 	                     (30, 0.37759337146363026)]}
2026-09-05 06:52:25,422 - INFO - 
2026-09-05 06:52:25,428 - INFO - Xong sau 90.7 phut. Ket qua: /kaggle/working/results_fediov_iot_full_task0
2026-09-05 06:52:25,428 - INFO -   classification_report_task0.txt
2026-09-05 06:52:25,428 - INFO -   confusion_matrix_task0.csv
2026-09-05 06:52:25,429 - INFO -   confusion_matrix_task0.png
2026-09-05 06:52:25,429 - INFO -   confusion_matrix_task0_normalized.csv
2026-09-05 06:52:25,429 - INFO -   metrics_task0.csv
