2026-08-22 06:49:37,465 - INFO - Thiet bi: cuda | pool 100 client | 30 round/task | Flower simulation (Ray)
2026-08-22 06:49:37,465 - INFO - Client co du lieu tung task: task0=0, task1=60, task2=70, task3=80, task4=100
2026-08-22 06:49:37,821 - INFO - Chay tiep tu checkpoint round 30
2026-08-22 06:49:37,821 - INFO - Tiep tuc: task0=30/30
2026-08-22 06:49:37,826 - INFO - [task 0] da xong 30/30 round — bo qua
2026-08-22 06:49:37,826 - INFO - Nap global test: /kaggle/input/datasets/tongxuanvu/100clientiov/global_test_data.pt
2026-08-22 06:49:51,631 - INFO - Global test goc: n=42048683
2026-08-22 06:49:53,360 - INFO - Task 1: loc ve lop 0-5 -> n=41971741
2026-08-22 06:49:53,360 - INFO - Danh gia moi round tren n=41971741 mau (dtype=float16)
2026-08-22 06:49:53,364 - INFO - ===== Task 1: 60 client, 30 round =====
2026-08-22 06:49:55,654 - INFO - setup plugin alembic.autogenerate.schemas
2026-08-22 06:49:55,654 - INFO - setup plugin alembic.autogenerate.tables
2026-08-22 06:49:55,654 - INFO - setup plugin alembic.autogenerate.types
2026-08-22 06:49:55,654 - INFO - setup plugin alembic.autogenerate.constraints
2026-08-22 06:49:55,655 - INFO - setup plugin alembic.autogenerate.defaults
2026-08-22 06:49:55,655 - INFO - setup plugin alembic.autogenerate.comments
2026-08-22 06:50:13,593 - WARNING - DEPRECATED FEATURE: flwr.simulation.start_simulation() is deprecated.
	Instead, use the `flwr run` CLI command to start a local simulation in your Flower app, as shown for example below:

		$ flwr new  # Create a new Flower app from a template

		$ flwr run  # Run the Flower app in Simulation Mode

	Using `start_simulation()` is deprecated.

            This is a deprecated feature. It will be removed
            entirely in future versions of Flower.
        
2026-08-22 06:50:13,593 - INFO - Starting Flower simulation, config: num_rounds=30, no round_timeout
2026-08-22 06:50:24,330 - INFO - Flower VCE: Ray initialized with resources: {'accelerator_type:T4': 1.0, 'node:172.19.2.2': 1.0, 'GPU': 2.0, 'object_store_memory': 8460797952.0, 'memory': 19741861888.0, 'CPU': 4.0, 'node:__internal_head__': 1.0}
2026-08-22 06:50:24,330 - INFO - Optimize your simulation with Flower VCE: https://flower.ai/docs/framework/how-to-run-simulations.html
2026-08-22 06:50:24,330 - INFO - Flower VCE: Resources for each Virtual Client: {'num_cpus': 1.0, 'num_gpus': 0.5}
2026-08-22 06:50:24,367 - INFO - Flower VCE: Creating VirtualClientEngineActorPool with 4 actors
2026-08-22 06:50:24,367 - INFO - [INIT]
2026-08-22 06:50:24,368 - INFO - Using initial global parameters provided by strategy
2026-08-22 06:50:24,368 - INFO - Starting evaluation of initial global parameters
2026-08-22 06:50:24,371 - INFO - Evaluation returned no results (`None`)
2026-08-22 06:50:24,371 - INFO - 
2026-08-22 06:50:24,371 - INFO - [ROUND 1]
2026-08-22 06:50:24,372 - INFO - configure_fit: strategy sampled 60 clients (out of 60)
2026-08-22 06:50:51,538 - INFO - aggregate_fit: received 60 results and 0 failures
2026-08-22 06:50:51,658 - INFO - [Round 1] TOPSIS giu 48/60 | C_i 0.0000..1.0000
2026-08-22 06:50:51,752 - INFO - [Round 1] 8 cum (Eq.14) | giu 40/48 update | diem Krum 5.511e-03..2.484e+01
2026-08-22 06:50:51,760 - INFO - [Round 31] luu checkpoint -> out_1percent/checkpoints/round_031.pth
2026-08-22 07:04:59,509 - INFO - [Round 31] loss=0.0923 acc=0.9887 | micro P/R/F1=0.9887/0.9887/0.9887 | macro P/R/F1=0.2012/0.2525/0.2159 | weighted P/R/F1=0.9896/0.9887/0.9889
2026-08-22 07:04:59,511 - INFO - fit progress: (1, 0.09228805539174229, {'accuracy': 0.9886737602807565, 'micro_precision': 0.9886737602807565, 'micro_recall': 0.9886737602807565, 'micro_f1': 0.9886737602807565, 'macro_precision': 0.20118908435059368, 'macro_recall': 0.25247284319899227, 'macro_f1': 0.21592723138779038, 'weighted_precision': 0.989647946210651, 'weighted_recall': 0.9886737602807565, 'weighted_f1': 0.9889335821556403}, 875.139692328)
2026-08-22 07:04:59,511 - INFO - configure_evaluate: no clients selected, skipping evaluation
2026-08-22 07:04:59,511 - INFO - 
2026-08-22 07:04:59,511 - INFO - [ROUND 2]
2026-08-22 07:04:59,511 - INFO - configure_fit: strategy sampled 60 clients (out of 60)
2026-08-22 07:05:02,472 - INFO - aggregate_fit: received 60 results and 0 failures
2026-08-22 07:05:02,578 - INFO - [Round 2] TOPSIS giu 48/60 | C_i 0.0000..1.0000
2026-08-22 07:05:02,663 - INFO - [Round 2] 8 cum (Eq.14) | giu 40/48 update | diem Krum 5.357e-03..2.491e+01
2026-08-22 07:05:02,668 - INFO - [Round 32] luu checkpoint -> out_1percent/checkpoints/round_032.pth
2026-08-22 07:19:07,521 - INFO - [Round 32] loss=0.1158 acc=0.9892 | micro P/R/F1=0.9892/0.9892/0.9892 | macro P/R/F1=0.1900/0.2091/0.1969 | weighted P/R/F1=0.9885/0.9892/0.9888
2026-08-22 07:19:07,522 - INFO - fit progress: (2, 0.11581514900947204, {'accuracy': 0.9892000906038184, 'micro_precision': 0.9892000906038184, 'micro_recall': 0.9892000906038184, 'micro_f1': 0.9892000906038184, 'macro_precision': 0.19002510934529257, 'macro_recall': 0.20914806114001303, 'macro_f1': 0.19689710453431367, 'weighted_precision': 0.9885194115983822, 'weighted_recall': 0.9892000906038184, 'weighted_f1': 0.9888039328549384}, 1723.151217264)
2026-08-22 07:19:07,522 - INFO - configure_evaluate: no clients selected, skipping evaluation
2026-08-22 07:19:07,523 - INFO - 
2026-08-22 07:19:07,523 - INFO - [ROUND 3]
2026-08-22 07:19:07,523 - INFO - configure_fit: strategy sampled 60 clients (out of 60)
2026-08-22 07:19:10,899 - INFO - aggregate_fit: received 60 results and 0 failures
2026-08-22 07:19:11,003 - INFO - [Round 3] TOPSIS giu 48/60 | C_i 0.0000..1.0000
2026-08-22 07:19:11,089 - INFO - [Round 3] 8 cum (Eq.14) | giu 40/48 update | diem Krum 5.196e-03..2.493e+01
2026-08-22 07:19:11,094 - INFO - [Round 33] luu checkpoint -> out_1percent/checkpoints/round_033.pth
2026-08-22 07:33:18,459 - INFO - [Round 33] loss=0.2153 acc=0.9180 | micro P/R/F1=0.9180/0.9180/0.9180 | macro P/R/F1=0.1661/0.1650/0.1605 | weighted P/R/F1=0.9873/0.9180/0.9513
2026-08-22 07:33:18,461 - INFO - fit progress: (3, 0.2153165617661084, {'accuracy': 0.9180084047502343, 'micro_precision': 0.9180084047502343, 'micro_recall': 0.9180084047502343, 'micro_f1': 0.9180084047502343, 'macro_precision': 0.16611287510304384, 'macro_recall': 0.16495395468247245, 'macro_f1': 0.16052628569587665, 'weighted_precision': 0.9872817818253352, 'weighted_recall': 0.9180084047502343, 'weighted_f1': 0.9512781969814975}, 2574.089709347)
2026-08-22 07:33:18,461 - INFO - configure_evaluate: no clients selected, skipping evaluation
2026-08-22 07:33:18,461 - INFO - 
2026-08-22 07:33:18,461 - INFO - [ROUND 4]
2026-08-22 07:33:18,461 - INFO - configure_fit: strategy sampled 60 clients (out of 60)
2026-08-22 07:33:21,651 - INFO - aggregate_fit: received 60 results and 0 failures
2026-08-22 07:33:21,757 - INFO - [Round 4] TOPSIS giu 48/60 | C_i 0.0000..1.0000
2026-08-22 07:33:21,840 - INFO - [Round 4] 8 cum (Eq.14) | giu 40/48 update | diem Krum 5.649e-03..2.496e+01
2026-08-22 07:33:21,845 - INFO - [Round 34] luu checkpoint -> out_1percent/checkpoints/round_034.pth
2026-08-22 07:47:25,195 - INFO - [Round 34] loss=0.2889 acc=0.8734 | micro P/R/F1=0.8734/0.8734/0.8734 | macro P/R/F1=0.1670/0.1914/0.1579 | weighted P/R/F1=0.9880/0.8734/0.9267
2026-08-22 07:47:25,196 - INFO - fit progress: (4, 0.2888583334622313, {'accuracy': 0.8734139953832271, 'micro_precision': 0.8734139953832271, 'micro_recall': 0.8734139953832271, 'micro_f1': 0.8734139953832271, 'macro_precision': 0.167009205631843, 'macro_recall': 0.19143121025927037, 'macro_f1': 0.15791883291611877, 'weighted_precision': 0.988032151304279, 'weighted_recall': 0.8734139953832271, 'weighted_f1': 0.9267067994040759}, 3420.8252405089997)
2026-08-22 07:47:25,196 - INFO - configure_evaluate: no clients selected, skipping evaluation
2026-08-22 07:47:25,197 - INFO - 
2026-08-22 07:47:25,197 - INFO - [ROUND 5]
2026-08-22 07:47:25,197 - INFO - configure_fit: strategy sampled 60 clients (out of 60)
2026-08-22 07:47:27,998 - INFO - aggregate_fit: received 60 results and 0 failures
2026-08-22 07:47:28,117 - INFO - [Round 5] TOPSIS giu 48/60 | C_i 0.0000..1.0000
2026-08-22 07:47:28,201 - INFO - [Round 5] 8 cum (Eq.14) | giu 40/48 update | diem Krum 7.314e-03..2.498e+01
2026-08-22 07:47:28,206 - INFO - [Round 35] luu checkpoint -> out_1percent/checkpoints/round_035.pth
2026-08-22 08:01:29,545 - INFO - [Round 35] loss=0.2932 acc=0.8712 | micro P/R/F1=0.8712/0.8712/0.8712 | macro P/R/F1=0.1672/0.1921/0.1578 | weighted P/R/F1=0.9889/0.8712/0.9258
2026-08-22 08:01:32,479 - INFO - Luu out_1percent/confusion_matrix_task1.csv
2026-08-22 08:01:32,479 - INFO - Luu out_1percent/confusion_matrix_task1_normalized.csv
2026-08-22 08:01:41,587 - INFO - Luu out_1percent/classification_report_task1.txt
               precision    recall  f1-score   support

       Benign     0.9953    0.8759    0.9318  41700592
          DoS     0.0076    0.2770    0.0148    145129
       double     0.0000    0.0000    0.0000     12413
force-neutral     0.0000    0.0000    0.0000      5744
      fuzzing     0.0000    0.0000    0.0000     67321
     interval     0.0000    0.0000    0.0000     40542

     accuracy                         0.8712  41971741
    macro avg     0.1672    0.1921    0.1578  41971741
 weighted avg     0.9889    0.8712    0.9258  41971741

2026-08-22 08:01:42,025 - INFO - Luu out_1percent/confusion_matrix_task1.png
2026-08-22 08:01:42,026 - INFO - fit progress: (5, 0.29315489417728646, {'accuracy': 0.8712057000447039, 'micro_precision': 0.8712057000447039, 'micro_recall': 0.8712057000447039, 'micro_f1': 0.8712057000447039, 'macro_precision': 0.1671555220271844, 'macro_recall': 0.1921479543918377, 'macro_f1': 0.15777252253543234, 'weighted_precision': 0.9889073577369573, 'weighted_recall': 0.8712057000447039, 'weighted_f1': 0.9258307291999833}, 4277.655603662)
2026-08-22 08:01:42,027 - INFO - configure_evaluate: no clients selected, skipping evaluation
2026-08-22 08:01:42,027 - INFO - 
2026-08-22 08:01:42,027 - INFO - [ROUND 6]
2026-08-22 08:01:42,027 - INFO - configure_fit: strategy sampled 60 clients (out of 60)
2026-08-22 08:01:45,383 - INFO - aggregate_fit: received 60 results and 0 failures
2026-08-22 08:01:45,491 - INFO - [Round 6] TOPSIS giu 48/60 | C_i 0.0000..1.0000
2026-08-22 08:01:45,578 - INFO - [Round 6] 8 cum (Eq.14) | giu 40/48 update | diem Krum 7.298e-03..2.500e+01
2026-08-22 08:01:45,584 - INFO - [Round 36] luu checkpoint -> out_1percent/checkpoints/round_036.pth
2026-08-22 08:15:47,575 - INFO - [Round 36] loss=0.3007 acc=0.8718 | micro P/R/F1=0.8718/0.8718/0.8718 | macro P/R/F1=0.1682/0.2258/0.1596 | weighted P/R/F1=0.9897/0.8718/0.9261
2026-08-22 08:15:47,576 - INFO - fit progress: (6, 0.30070573791198485, {'accuracy': 0.8717705086381811, 'micro_precision': 0.8717705086381811, 'micro_recall': 0.8717705086381811, 'micro_f1': 0.8717705086381811, 'macro_precision': 0.1682015285324062, 'macro_recall': 0.22576924456989209, 'macro_f1': 0.15959323827931324, 'weighted_precision': 0.9897300078834214, 'weighted_recall': 0.8717705086381811, 'weighted_f1': 0.9261441845771808}, 5123.2051996)
2026-08-22 08:15:47,576 - INFO - configure_evaluate: no clients selected, skipping evaluation
2026-08-22 08:15:47,576 - INFO - 
2026-08-22 08:15:47,577 - INFO - [ROUND 7]
2026-08-22 08:15:47,577 - INFO - configure_fit: strategy sampled 60 clients (out of 60)
2026-08-22 08:15:50,661 - INFO - aggregate_fit: received 60 results and 0 failures
2026-08-22 08:15:50,776 - INFO - [Round 7] TOPSIS giu 48/60 | C_i 0.0000..1.0000
2026-08-22 08:15:50,874 - INFO - [Round 7] 8 cum (Eq.14) | giu 40/48 update | diem Krum 9.068e-03..2.501e+01
2026-08-22 08:15:50,880 - INFO - [Round 37] luu checkpoint -> out_1percent/checkpoints/round_037.pth
2026-08-22 08:29:47,222 - INFO - [Round 37] loss=0.3067 acc=0.8806 | micro P/R/F1=0.8806/0.8806/0.8806 | macro P/R/F1=0.1689/0.2437/0.1616 | weighted P/R/F1=0.9901/0.8806/0.9311
2026-08-22 08:29:47,223 - INFO - fit progress: (7, 0.3067184255075271, {'accuracy': 0.8806270628611761, 'micro_precision': 0.8806270628611761, 'micro_recall': 0.8806270628611761, 'micro_f1': 0.8806270628611761, 'macro_precision': 0.16888865810662793, 'macro_recall': 0.24366000722312586, 'macro_f1': 0.16164608715520798, 'weighted_precision': 0.9900599957276902, 'weighted_recall': 0.8806270628611761, 'weighted_f1': 0.9311102723414774}, 5962.8522461640005)
2026-08-22 08:29:47,223 - INFO - configure_evaluate: no clients selected, skipping evaluation
2026-08-22 08:29:47,223 - INFO - 
2026-08-22 08:29:47,223 - INFO - [ROUND 8]
2026-08-22 08:29:47,224 - INFO - configure_fit: strategy sampled 60 clients (out of 60)
2026-08-22 08:29:50,020 - INFO - aggregate_fit: received 60 results and 0 failures
2026-08-22 08:29:50,123 - INFO - [Round 8] TOPSIS giu 48/60 | C_i 0.0000..1.0000
2026-08-22 08:29:50,206 - INFO - [Round 8] 8 cum (Eq.14) | giu 40/48 update | diem Krum 9.574e-03..2.503e+01
2026-08-22 08:29:50,212 - INFO - [Round 38] luu checkpoint -> out_1percent/checkpoints/round_038.pth
2026-08-22 08:43:45,870 - INFO - [Round 38] loss=0.3180 acc=0.8861 | micro P/R/F1=0.8861/0.8861/0.8861 | macro P/R/F1=0.1690/0.2443/0.1624 | weighted P/R/F1=0.9900/0.8861/0.9341
2026-08-22 08:43:45,871 - INFO - fit progress: (8, 0.3179945756697985, {'accuracy': 0.8861151125467966, 'micro_precision': 0.8861151125467966, 'micro_recall': 0.8861151125467966, 'micro_f1': 0.8861151125467966, 'macro_precision': 0.16900388228586286, 'macro_recall': 0.24432084928814357, 'macro_f1': 0.1624029402870802, 'weighted_precision': 0.9899623396447055, 'weighted_recall': 0.8861151125467966, 'weighted_f1': 0.9341456006194269}, 6801.500309978001)
2026-08-22 08:43:45,871 - INFO - configure_evaluate: no clients selected, skipping evaluation
2026-08-22 08:43:45,872 - INFO - 
2026-08-22 08:43:45,872 - INFO - [ROUND 9]
2026-08-22 08:43:45,872 - INFO - configure_fit: strategy sampled 60 clients (out of 60)
2026-08-22 08:43:48,644 - INFO - aggregate_fit: received 60 results and 0 failures
2026-08-22 08:43:48,756 - INFO - [Round 9] TOPSIS giu 48/60 | C_i 0.0000..1.0000
2026-08-22 08:43:48,843 - INFO - [Round 9] 8 cum (Eq.14) | giu 40/48 update | diem Krum 9.212e-03..2.504e+01
2026-08-22 08:43:48,848 - INFO - [Round 39] luu checkpoint -> out_1percent/checkpoints/round_039.pth
2026-08-22 08:57:43,781 - INFO - [Round 39] loss=0.3225 acc=0.8941 | micro P/R/F1=0.8941/0.8941/0.8941 | macro P/R/F1=0.1692/0.2447/0.1635 | weighted P/R/F1=0.9899/0.8941/0.9386
2026-08-22 08:57:43,782 - INFO - fit progress: (9, 0.32249622900841596, {'accuracy': 0.894093647437689, 'micro_precision': 0.894093647437689, 'micro_recall': 0.894093647437689, 'micro_f1': 0.894093647437689, 'macro_precision': 0.16918520776609755, 'macro_recall': 0.24466819521099872, 'macro_f1': 0.16350778761231768, 'weighted_precision': 0.9898807244880594, 'weighted_recall': 0.894093647437689, 'weighted_f1': 0.9385595443724174}, 7639.411395728001)
2026-08-22 08:57:43,782 - INFO - configure_evaluate: no clients selected, skipping evaluation
2026-08-22 08:57:43,783 - INFO - 
2026-08-22 08:57:43,783 - INFO - [ROUND 10]
2026-08-22 08:57:43,783 - INFO - configure_fit: strategy sampled 60 clients (out of 60)
2026-08-22 08:57:46,982 - INFO - aggregate_fit: received 60 results and 0 failures
2026-08-22 08:57:47,087 - INFO - [Round 10] TOPSIS giu 48/60 | C_i 0.0000..1.0000
2026-08-22 08:57:47,171 - INFO - [Round 10] 8 cum (Eq.14) | giu 40/48 update | diem Krum 8.218e-03..2.509e+01
2026-08-22 08:57:47,176 - INFO - [Round 40] luu checkpoint -> out_1percent/checkpoints/round_040.pth
2026-08-22 09:11:37,913 - INFO - [Round 40] loss=0.3367 acc=0.8820 | micro P/R/F1=0.8820/0.8820/0.8820 | macro P/R/F1=0.1688/0.2406/0.1616 | weighted P/R/F1=0.9897/0.8820/0.9318
2026-08-22 09:11:40,871 - INFO - Luu out_1percent/confusion_matrix_task1.csv
2026-08-22 09:11:40,871 - INFO - Luu out_1percent/confusion_matrix_task1_normalized.csv
2026-08-22 09:11:49,725 - INFO - Luu out_1percent/classification_report_task1.txt
               precision    recall  f1-score   support

       Benign     0.9961    0.8858    0.9377  41700592
          DoS     0.0166    0.5581    0.0322    145129
       double     0.0000    0.0000    0.0000     12413
force-neutral     0.0000    0.0000    0.0000      5744
      fuzzing     0.0000    0.0000    0.0000     67321
     interval     0.0000    0.0000    0.0000     40542

     accuracy                         0.8820  41971741
    macro avg     0.1688    0.2406    0.1616  41971741
 weighted avg     0.9897    0.8820    0.9318  41971741

2026-08-22 09:11:49,944 - INFO - Luu out_1percent/confusion_matrix_task1.png
2026-08-22 09:11:49,945 - INFO - fit progress: (10, 0.33674712477515073, {'accuracy': 0.8819962221724374, 'micro_precision': 0.8819962221724374, 'micro_recall': 0.8819962221724374, 'micro_f1': 0.8819962221724374, 'macro_precision': 0.1687799123504523, 'macro_recall': 0.24064071314747362, 'macro_f1': 0.161648329108637, 'weighted_precision': 0.989738522974034, 'weighted_recall': 0.8819962221724374, 'weighted_f1': 0.9317720620021217}, 8485.574253359999)
2026-08-22 09:11:49,945 - INFO - configure_evaluate: no clients selected, skipping evaluation
2026-08-22 09:11:49,945 - INFO - 
2026-08-22 09:11:49,946 - INFO - [ROUND 11]
2026-08-22 09:11:49,946 - INFO - configure_fit: strategy sampled 60 clients (out of 60)
2026-08-22 09:11:52,682 - INFO - aggregate_fit: received 60 results and 0 failures
2026-08-22 09:11:52,785 - INFO - [Round 11] TOPSIS giu 48/60 | C_i 0.0000..1.0000
2026-08-22 09:11:52,881 - INFO - [Round 11] 8 cum (Eq.14) | giu 40/48 update | diem Krum 7.713e-03..2.514e+01
2026-08-22 09:11:52,887 - INFO - [Round 41] luu checkpoint -> out_1percent/checkpoints/round_041.pth
2026-08-22 09:25:42,542 - INFO - [Round 41] loss=0.3234 acc=0.9073 | micro P/R/F1=0.9073/0.9073/0.9073 | macro P/R/F1=0.1694/0.2405/0.1651 | weighted P/R/F1=0.9897/0.9073/0.9458
2026-08-22 09:25:42,543 - INFO - fit progress: (11, 0.3234126162842486, {'accuracy': 0.9072761837542074, 'micro_precision': 0.9072761837542074, 'micro_recall': 0.9072761837542074, 'micro_f1': 0.9072761837542074, 'macro_precision': 0.16937377528934514, 'macro_recall': 0.24045944821614743, 'macro_f1': 0.16512090791091819, 'weighted_precision': 0.9896764700681182, 'weighted_recall': 0.9072761837542074, 'weighted_f1': 0.9457880521681247}, 9318.17191447)
2026-08-22 09:25:42,543 - INFO - configure_evaluate: no clients selected, skipping evaluation
2026-08-22 09:25:42,543 - INFO - 
2026-08-22 09:25:42,543 - INFO - [ROUND 12]
2026-08-22 09:25:42,543 - INFO - configure_fit: strategy sampled 60 clients (out of 60)
2026-08-22 09:25:45,328 - INFO - aggregate_fit: received 60 results and 0 failures
2026-08-22 09:25:45,433 - INFO - [Round 12] TOPSIS giu 48/60 | C_i 0.0000..1.0000
2026-08-22 09:25:45,517 - INFO - [Round 12] 8 cum (Eq.14) | giu 40/48 update | diem Krum 1.009e-02..2.516e+01
2026-08-22 09:25:45,522 - INFO - [Round 42] luu checkpoint -> out_1percent/checkpoints/round_042.pth
2026-08-22 09:39:34,831 - INFO - [Round 42] loss=0.3269 acc=0.9142 | micro P/R/F1=0.9142/0.9142/0.9142 | macro P/R/F1=0.1696/0.2406/0.1662 | weighted P/R/F1=0.9897/0.9142/0.9496
2026-08-22 09:39:34,833 - INFO - fit progress: (12, 0.32692943551489656, {'accuracy': 0.9141967449003366, 'micro_precision': 0.9141967449003366, 'micro_recall': 0.9141967449003366, 'micro_f1': 0.9141967449003366, 'macro_precision': 0.1696101179246544, 'macro_recall': 0.2405686650774813, 'macro_f1': 0.16618736242029022, 'weighted_precision': 0.989684428162408, 'weighted_recall': 0.9141967449003366, 'weighted_f1': 0.9495710565822405}, 10150.461749942999)
2026-08-22 09:39:34,833 - INFO - configure_evaluate: no clients selected, skipping evaluation
2026-08-22 09:39:34,833 - INFO - 
2026-08-22 09:39:34,833 - INFO - [ROUND 13]
2026-08-22 09:39:34,833 - INFO - configure_fit: strategy sampled 60 clients (out of 60)
2026-08-22 09:39:38,118 - INFO - aggregate_fit: received 60 results and 0 failures
2026-08-22 09:39:38,223 - INFO - [Round 13] TOPSIS giu 48/60 | C_i 0.0000..1.0000
2026-08-22 09:39:38,306 - INFO - [Round 13] 8 cum (Eq.14) | giu 40/48 update | diem Krum 1.220e-02..2.523e+01
2026-08-22 09:39:38,311 - INFO - [Round 43] luu checkpoint -> out_1percent/checkpoints/round_043.pth
2026-08-22 09:53:31,707 - INFO - [Round 43] loss=0.3238 acc=0.9177 | micro P/R/F1=0.9177/0.9177/0.9177 | macro P/R/F1=0.1698/0.2413/0.1668 | weighted P/R/F1=0.9897/0.9177/0.9515
2026-08-22 09:53:31,708 - INFO - fit progress: (13, 0.3238192461067513, {'accuracy': 0.9177466095580834, 'micro_precision': 0.9177466095580834, 'micro_recall': 0.9177466095580834, 'micro_f1': 0.9177466095580834, 'macro_precision': 0.16977886257071653, 'macro_recall': 0.24130949589483422, 'macro_f1': 0.1668146179385075, 'weighted_precision': 0.9897118249576295, 'weighted_recall': 0.9177466095580834, 'weighted_f1': 0.9515052258049141}, 10987.33711162)
2026-08-22 09:53:31,708 - INFO - configure_evaluate: no clients selected, skipping evaluation
2026-08-22 09:53:31,708 - INFO - 
2026-08-22 09:53:31,709 - INFO - [ROUND 14]
2026-08-22 09:53:31,709 - INFO - configure_fit: strategy sampled 60 clients (out of 60)
2026-08-22 09:53:34,596 - INFO - aggregate_fit: received 60 results and 0 failures
2026-08-22 09:53:34,703 - INFO - [Round 14] TOPSIS giu 48/60 | C_i 0.0000..1.0000
2026-08-22 09:53:34,792 - INFO - [Round 14] 8 cum (Eq.14) | giu 40/48 update | diem Krum 1.073e-02..2.521e+01
2026-08-22 09:53:34,798 - INFO - [Round 44] luu checkpoint -> out_1percent/checkpoints/round_044.pth
2026-08-22 10:07:29,587 - INFO - [Round 44] loss=0.3201 acc=0.9210 | micro P/R/F1=0.9210/0.9210/0.9210 | macro P/R/F1=0.1699/0.2413/0.1674 | weighted P/R/F1=0.9897/0.9210/0.9533
2026-08-22 10:07:29,588 - INFO - fit progress: (14, 0.3201021616107942, {'accuracy': 0.9210272216251406, 'micro_precision': 0.9210272216251406, 'micro_recall': 0.9210272216251406, 'micro_f1': 0.9210272216251406, 'macro_precision': 0.1699155411471979, 'macro_recall': 0.24128303876009496, 'macro_f1': 0.1673585669280611, 'weighted_precision': 0.9897245766763122, 'weighted_recall': 0.9210272216251406, 'weighted_f1': 0.953288004789997}, 11825.217325663)
2026-08-22 10:07:29,588 - INFO - configure_evaluate: no clients selected, skipping evaluation
2026-08-22 10:07:29,588 - INFO - 
2026-08-22 10:07:29,589 - INFO - [ROUND 15]
2026-08-22 10:07:29,589 - INFO - configure_fit: strategy sampled 60 clients (out of 60)
2026-08-22 10:07:32,561 - INFO - aggregate_fit: received 60 results and 0 failures
2026-08-22 10:07:32,666 - INFO - [Round 15] TOPSIS giu 48/60 | C_i 0.0000..1.0000
2026-08-22 10:07:32,749 - INFO - [Round 15] 8 cum (Eq.14) | giu 40/48 update | diem Krum 1.147e-02..2.525e+01
2026-08-22 10:07:32,754 - INFO - [Round 45] luu checkpoint -> out_1percent/checkpoints/round_045.pth
2026-08-22 10:21:24,114 - INFO - [Round 45] loss=0.3132 acc=0.9226 | micro P/R/F1=0.9226/0.9226/0.9226 | macro P/R/F1=0.1700/0.2415/0.1677 | weighted P/R/F1=0.9897/0.9226/0.9542
2026-08-22 10:21:26,874 - INFO - Luu out_1percent/confusion_matrix_task1.csv
2026-08-22 10:21:26,874 - INFO - Luu out_1percent/confusion_matrix_task1_normalized.csv
2026-08-22 10:21:35,649 - INFO - Luu out_1percent/classification_report_task1.txt
               precision    recall  f1-score   support

       Benign     0.9961    0.9268    0.9602  41700592
          DoS     0.0239    0.5220    0.0457    145129
       double     0.0000    0.0000    0.0000     12413
force-neutral     0.0000    0.0000    0.0000      5744
      fuzzing     0.0000    0.0000    0.0000     67321
     interval     0.0000    0.0000    0.0000     40542

     accuracy                         0.9226  41971741
    macro avg     0.1700    0.2415    0.1677  41971741
 weighted avg     0.9897    0.9226    0.9542  41971741

2026-08-22 10:21:35,871 - INFO - Luu out_1percent/confusion_matrix_task1.png
2026-08-22 10:21:35,872 - INFO - fit progress: (15, 0.31317490522635577, {'accuracy': 0.9226476452334917, 'micro_precision': 0.9226476452334917, 'micro_recall': 0.9226476452334917, 'micro_f1': 0.9226476452334917, 'macro_precision': 0.169995614526808, 'macro_recall': 0.2414724681428404, 'macro_f1': 0.16765152490614363, 'weighted_precision': 0.9897238751871552, 'weighted_recall': 0.9226476452334917, 'weighted_f1': 0.9541612306698044}, 12671.501148894999)
2026-08-22 10:21:35,872 - INFO - configure_evaluate: no clients selected, skipping evaluation
2026-08-22 10:21:35,872 - INFO - 
2026-08-22 10:21:35,873 - INFO - [ROUND 16]
2026-08-22 10:21:35,873 - INFO - configure_fit: strategy sampled 60 clients (out of 60)
2026-08-22 10:21:39,131 - INFO - aggregate_fit: received 60 results and 0 failures
2026-08-22 10:21:39,235 - INFO - [Round 16] TOPSIS giu 48/60 | C_i 0.0000..1.0000
2026-08-22 10:21:39,318 - INFO - [Round 16] 8 cum (Eq.14) | giu 40/48 update | diem Krum 1.098e-02..2.521e+01
2026-08-22 10:21:39,324 - INFO - [Round 46] luu checkpoint -> out_1percent/checkpoints/round_046.pth
2026-08-22 10:35:31,922 - INFO - [Round 46] loss=0.3035 acc=0.9228 | micro P/R/F1=0.9228/0.9228/0.9228 | macro P/R/F1=0.1700/0.2414/0.1677 | weighted P/R/F1=0.9897/0.9228/0.9542
2026-08-22 10:35:31,923 - INFO - fit progress: (16, 0.30352768488082915, {'accuracy': 0.9227702277110688, 'micro_precision': 0.9227702277110688, 'micro_recall': 0.9227702277110688, 'micro_f1': 0.9227702277110688, 'macro_precision': 0.1699992132136772, 'macro_recall': 0.24141750054742192, 'macro_f1': 0.16766804252731707, 'weighted_precision': 0.989728080173561, 'weighted_recall': 0.9227702277110688, 'weighted_f1': 0.954229885459425}, 13507.55219354)
2026-08-22 10:35:31,924 - INFO - configure_evaluate: no clients selected, skipping evaluation
2026-08-22 10:35:31,924 - INFO - 
2026-08-22 10:35:31,924 - INFO - [ROUND 17]
2026-08-22 10:35:31,924 - INFO - configure_fit: strategy sampled 60 clients (out of 60)
2026-08-22 10:35:34,743 - INFO - aggregate_fit: received 60 results and 0 failures
2026-08-22 10:35:34,849 - INFO - [Round 17] TOPSIS giu 48/60 | C_i 0.0000..1.0000
2026-08-22 10:35:34,935 - INFO - [Round 17] 8 cum (Eq.14) | giu 40/48 update | diem Krum 1.250e-02..2.525e+01
2026-08-22 10:35:34,940 - INFO - [Round 47] luu checkpoint -> out_1percent/checkpoints/round_047.pth
2026-08-22 10:49:24,774 - INFO - [Round 47] loss=0.3155 acc=0.9210 | micro P/R/F1=0.9210/0.9210/0.9210 | macro P/R/F1=0.1700/0.2423/0.1674 | weighted P/R/F1=0.9898/0.9210/0.9533
2026-08-22 10:49:24,776 - INFO - fit progress: (17, 0.3155008508583166, {'accuracy': 0.9210195497966119, 'micro_precision': 0.9210195497966119, 'micro_recall': 0.9210195497966119, 'micro_f1': 0.9210195497966119, 'macro_precision': 0.1699649696905968, 'macro_recall': 0.24232201764216574, 'macro_f1': 0.16744237897259248, 'weighted_precision': 0.9897600830565689, 'weighted_recall': 0.9210195497966119, 'weighted_f1': 0.9532900226242514}, 14340.404984018)
2026-08-22 10:49:24,776 - INFO - configure_evaluate: no clients selected, skipping evaluation
2026-08-22 10:49:24,776 - INFO - 
2026-08-22 10:49:24,776 - INFO - [ROUND 18]
2026-08-22 10:49:24,776 - INFO - configure_fit: strategy sampled 60 clients (out of 60)
2026-08-22 10:49:27,583 - INFO - aggregate_fit: received 60 results and 0 failures
2026-08-22 10:49:27,690 - INFO - [Round 18] TOPSIS giu 48/60 | C_i 0.0000..1.0000
2026-08-22 10:49:27,783 - INFO - [Round 18] 8 cum (Eq.14) | giu 40/48 update | diem Krum 1.308e-02..2.526e+01
2026-08-22 10:49:27,788 - INFO - [Round 48] luu checkpoint -> out_1percent/checkpoints/round_048.pth
2026-08-22 11:03:20,303 - INFO - [Round 48] loss=0.2975 acc=0.9252 | micro P/R/F1=0.9252/0.9252/0.9252 | macro P/R/F1=0.1701/0.2418/0.1681 | weighted P/R/F1=0.9897/0.9252/0.9555
2026-08-22 11:03:20,304 - INFO - fit progress: (18, 0.2974921176522668, {'accuracy': 0.9251609553199139, 'micro_precision': 0.9251609553199139, 'micro_recall': 0.9251609553199139, 'micro_f1': 0.9251609553199139, 'macro_precision': 0.17013216284886154, 'macro_recall': 0.2418185460129955, 'macro_f1': 0.1681219126941548, 'weighted_precision': 0.989747462996951, 'weighted_recall': 0.9251609553199139, 'weighted_f1': 0.955523830680695}, 15175.933288811)
2026-08-22 11:03:20,304 - INFO - configure_evaluate: no clients selected, skipping evaluation
2026-08-22 11:03:20,304 - INFO - 
2026-08-22 11:03:20,305 - INFO - [ROUND 19]
2026-08-22 11:03:20,305 - INFO - configure_fit: strategy sampled 60 clients (out of 60)
2026-08-22 11:03:23,550 - INFO - aggregate_fit: received 60 results and 0 failures
2026-08-22 11:03:23,656 - INFO - [Round 19] TOPSIS giu 48/60 | C_i 0.0000..1.0000
2026-08-22 11:03:23,739 - INFO - [Round 19] 8 cum (Eq.14) | giu 40/48 update | diem Krum 1.361e-02..2.537e+01
2026-08-22 11:03:23,745 - INFO - [Round 49] luu checkpoint -> out_1percent/checkpoints/round_049.pth
2026-08-22 11:17:15,270 - INFO - [Round 49] loss=0.3213 acc=0.9173 | micro P/R/F1=0.9173/0.9173/0.9173 | macro P/R/F1=0.1698/0.2412/0.1667 | weighted P/R/F1=0.9897/0.9173/0.9513
2026-08-22 11:17:15,271 - INFO - fit progress: (19, 0.32130287178907657, {'accuracy': 0.917256970588854, 'micro_precision': 0.917256970588854, 'micro_recall': 0.917256970588854, 'micro_f1': 0.917256970588854, 'macro_precision': 0.16975781964190717, 'macro_recall': 0.24118387131092045, 'macro_f1': 0.16672476573815273, 'weighted_precision': 0.9897405865567214, 'weighted_recall': 0.917256970588854, 'weighted_f1': 0.9512540594140322}, 16010.900605981)
2026-08-22 11:17:15,272 - INFO - configure_evaluate: no clients selected, skipping evaluation
2026-08-22 11:17:15,272 - INFO - 
2026-08-22 11:17:15,272 - INFO - [ROUND 20]
2026-08-22 11:17:15,272 - INFO - configure_fit: strategy sampled 60 clients (out of 60)
2026-08-22 11:17:18,109 - INFO - aggregate_fit: received 60 results and 0 failures
2026-08-22 11:17:18,211 - INFO - [Round 20] TOPSIS giu 48/60 | C_i 0.0000..1.0000
2026-08-22 11:17:18,295 - INFO - [Round 20] 8 cum (Eq.14) | giu 40/48 update | diem Krum 1.310e-02..2.542e+01
2026-08-22 11:17:18,300 - INFO - [Round 50] luu checkpoint -> out_1percent/checkpoints/round_050.pth
2026-08-22 11:31:11,206 - INFO - [Round 50] loss=0.3147 acc=0.9296 | micro P/R/F1=0.9296/0.9296/0.9296 | macro P/R/F1=0.1704/0.2426/0.1690 | weighted P/R/F1=0.9898/0.9296/0.9579
2026-08-22 11:31:14,288 - INFO - Luu out_1percent/confusion_matrix_task1.csv
2026-08-22 11:31:14,288 - INFO - Luu out_1percent/confusion_matrix_task1_normalized.csv
2026-08-22 11:31:23,116 - INFO - Luu out_1percent/classification_report_task1.txt
               precision    recall  f1-score   support

       Benign     0.9961    0.9338    0.9640  41700592
          DoS     0.0263    0.5215    0.0501    145129
       double     0.0000    0.0000    0.0000     12413
force-neutral     0.0000    0.0000    0.0000      5744
      fuzzing     0.0000    0.0000    0.0000     67321
     interval     0.0000    0.0000    0.0000     40542

     accuracy                         0.9296  41971741
    macro avg     0.1704    0.2426    0.1690  41971741
 weighted avg     0.9898    0.9296    0.9579  41971741

2026-08-22 11:31:23,365 - INFO - Luu out_1percent/confusion_matrix_task1.png
2026-08-22 11:31:23,366 - INFO - fit progress: (20, 0.314722321942088, {'accuracy': 0.9296028963868809, 'micro_precision': 0.9296028963868809, 'micro_recall': 0.9296028963868809, 'micro_f1': 0.9296028963868809, 'macro_precision': 0.17040149852897454, 'macro_recall': 0.2425636833162421, 'macro_f1': 0.16900600873049534, 'weighted_precision': 0.9897682498906423, 'weighted_recall': 0.9296028963868809, 'weighted_f1': 0.9579131209189177}, 16858.995168569)
2026-08-22 11:31:23,366 - INFO - configure_evaluate: no clients selected, skipping evaluation
2026-08-22 11:31:23,366 - INFO - 
2026-08-22 11:31:23,366 - INFO - [ROUND 21]
2026-08-22 11:31:23,367 - INFO - configure_fit: strategy sampled 60 clients (out of 60)
2026-08-22 11:31:26,086 - INFO - aggregate_fit: received 60 results and 0 failures
2026-08-22 11:31:26,193 - INFO - [Round 21] TOPSIS giu 48/60 | C_i 0.0000..1.0000
2026-08-22 11:31:26,276 - INFO - [Round 21] 8 cum (Eq.14) | giu 40/48 update | diem Krum 1.048e-02..2.531e+01
2026-08-22 11:31:26,282 - INFO - [Round 51] luu checkpoint -> out_1percent/checkpoints/round_051.pth
2026-08-22 11:45:16,199 - INFO - [Round 51] loss=0.3419 acc=0.9227 | micro P/R/F1=0.9227/0.9227/0.9227 | macro P/R/F1=0.1700/0.2421/0.1677 | weighted P/R/F1=0.9897/0.9227/0.9542
2026-08-22 11:45:16,201 - INFO - fit progress: (21, 0.3418793189546543, {'accuracy': 0.9226653476204383, 'micro_precision': 0.9226653476204383, 'micro_recall': 0.9226653476204383, 'micro_f1': 0.9226653476204383, 'macro_precision': 0.17002760240689307, 'macro_recall': 0.24212774963423225, 'macro_f1': 0.16770941368292303, 'weighted_precision': 0.9897397298997275, 'weighted_recall': 0.9226653476204383, 'weighted_f1': 0.9541716942952166}, 17691.829825165998)
2026-08-22 11:45:16,201 - INFO - configure_evaluate: no clients selected, skipping evaluation
2026-08-22 11:45:16,201 - INFO - 
2026-08-22 11:45:16,201 - INFO - [ROUND 22]
2026-08-22 11:45:16,201 - INFO - configure_fit: strategy sampled 60 clients (out of 60)
2026-08-22 11:45:18,916 - INFO - aggregate_fit: received 60 results and 0 failures
2026-08-22 11:45:19,022 - INFO - [Round 22] TOPSIS giu 48/60 | C_i 0.0000..1.0000
2026-08-22 11:45:19,106 - INFO - [Round 22] 8 cum (Eq.14) | giu 40/48 update | diem Krum 1.119e-02..2.536e+01
2026-08-22 11:45:19,111 - INFO - [Round 52] luu checkpoint -> out_1percent/checkpoints/round_052.pth
2026-08-22 11:59:10,669 - INFO - [Round 52] loss=0.3250 acc=0.9353 | micro P/R/F1=0.9353/0.9353/0.9353 | macro P/R/F1=0.1708/0.2435/0.1702 | weighted P/R/F1=0.9895/0.9353/0.9608
2026-08-22 11:59:10,670 - INFO - fit progress: (22, 0.32496104735930526, {'accuracy': 0.935265873293176, 'micro_precision': 0.935265873293176, 'micro_recall': 0.935265873293176, 'micro_f1': 0.935265873293176, 'macro_precision': 0.17077482347760628, 'macro_recall': 0.24351364984589394, 'macro_f1': 0.17023775412134734, 'weighted_precision': 0.9895377840510508, 'weighted_recall': 0.935265873293176, 'weighted_f1': 0.9608242470349003}, 18526.299302443)
2026-08-22 11:59:10,670 - INFO - configure_evaluate: no clients selected, skipping evaluation
2026-08-22 11:59:10,670 - INFO - 
2026-08-22 11:59:10,671 - INFO - [ROUND 23]
2026-08-22 11:59:10,671 - INFO - configure_fit: strategy sampled 60 clients (out of 60)
2026-08-22 11:59:13,934 - INFO - aggregate_fit: received 60 results and 0 failures
2026-08-22 11:59:14,038 - INFO - [Round 23] TOPSIS giu 48/60 | C_i 0.0000..1.0000
2026-08-22 11:59:14,122 - INFO - [Round 23] 8 cum (Eq.14) | giu 40/48 update | diem Krum 9.857e-03..2.528e+01
2026-08-22 11:59:14,127 - INFO - [Round 53] luu checkpoint -> out_1percent/checkpoints/round_053.pth
2026-08-22 12:13:08,319 - INFO - [Round 53] loss=0.3554 acc=0.9355 | micro P/R/F1=0.9355/0.9355/0.9355 | macro P/R/F1=0.1707/0.2436/0.1703 | weighted P/R/F1=0.9891/0.9355/0.9607
2026-08-22 12:13:08,320 - INFO - fit progress: (23, 0.35537156850029766, {'accuracy': 0.9354950989524118, 'micro_precision': 0.9354950989524118, 'micro_recall': 0.9354950989524118, 'micro_f1': 0.9354950989524118, 'macro_precision': 0.17074968180953107, 'macro_recall': 0.24355210253740486, 'macro_f1': 0.17031397507637835, 'weighted_precision': 0.9890840233527795, 'weighted_recall': 0.9354950989524118, 'weighted_f1': 0.9607330519563446}, 19363.949582496)
2026-08-22 12:13:08,321 - INFO - configure_evaluate: no clients selected, skipping evaluation
2026-08-22 12:13:08,321 - INFO - 
2026-08-22 12:13:08,321 - INFO - [ROUND 24]
2026-08-22 12:13:08,321 - INFO - configure_fit: strategy sampled 60 clients (out of 60)
2026-08-22 12:13:11,064 - INFO - aggregate_fit: received 60 results and 0 failures
2026-08-22 12:13:11,167 - INFO - [Round 24] TOPSIS giu 48/60 | C_i 0.0000..1.0000
2026-08-22 12:13:11,244 - INFO - [Round 24] 8 cum (Eq.14) | giu 40/48 update | diem Krum 1.179e-02..2.521e+01
2026-08-22 12:13:11,250 - INFO - [Round 54] luu checkpoint -> out_1percent/checkpoints/round_054.pth
2026-08-22 12:26:56,480 - INFO - [Round 54] loss=0.3430 acc=0.9434 | micro P/R/F1=0.9434/0.9434/0.9434 | macro P/R/F1=0.2131/0.2449/0.1723 | weighted P/R/F1=0.9894/0.9434/0.9649
2026-08-22 12:26:56,482 - INFO - fit progress: (24, 0.3430418770681779, {'accuracy': 0.943355673523288, 'micro_precision': 0.943355673523288, 'micro_recall': 0.943355673523288, 'micro_f1': 0.943355673523288, 'macro_precision': 0.2131174808564998, 'macro_recall': 0.24487318861528184, 'macro_f1': 0.1722819995064572, 'weighted_precision': 0.9894092061548564, 'weighted_recall': 0.943355673523288, 'weighted_f1': 0.9648590640302054}, 20192.110678432)
2026-08-22 12:26:56,482 - INFO - configure_evaluate: no clients selected, skipping evaluation
2026-08-22 12:26:56,482 - INFO - 
2026-08-22 12:26:56,482 - INFO - [ROUND 25]
2026-08-22 12:26:56,482 - INFO - configure_fit: strategy sampled 60 clients (out of 60)
2026-08-22 12:26:59,425 - INFO - aggregate_fit: received 60 results and 0 failures
2026-08-22 12:26:59,530 - INFO - [Round 25] TOPSIS giu 48/60 | C_i 0.0000..1.0000
2026-08-22 12:26:59,615 - INFO - [Round 25] 8 cum (Eq.14) | giu 40/48 update | diem Krum 1.216e-02..2.525e+01
2026-08-22 12:26:59,620 - INFO - [Round 55] luu checkpoint -> out_1percent/checkpoints/round_055.pth
2026-08-22 12:40:46,873 - INFO - [Round 55] loss=0.3554 acc=0.9529 | micro P/R/F1=0.9529/0.9529/0.9529 | macro P/R/F1=0.1765/0.2467/0.1756 | weighted P/R/F1=0.9892/0.9529/0.9699
2026-08-22 12:40:49,637 - INFO - Luu out_1percent/confusion_matrix_task1.csv
2026-08-22 12:40:49,637 - INFO - Luu out_1percent/confusion_matrix_task1_normalized.csv
2026-08-22 12:40:58,234 - INFO - Luu out_1percent/classification_report_task1.txt
               precision    recall  f1-score   support

       Benign     0.9954    0.9573    0.9760  41700592
          DoS     0.0406    0.5215    0.0753    145129
       double     0.0000    0.0000    0.0000     12413
force-neutral     0.0000    0.0000    0.0000      5744
      fuzzing     0.0233    0.0011    0.0022     67321
     interval     0.0000    0.0000    0.0000     40542

     accuracy                         0.9529  41971741
    macro avg     0.1765    0.2467    0.1756  41971741
 weighted avg     0.9892    0.9529    0.9699  41971741

2026-08-22 12:40:58,456 - INFO - Luu out_1percent/confusion_matrix_task1.png
2026-08-22 12:40:58,457 - INFO - fit progress: (25, 0.35540306343348765, {'accuracy': 0.9529013342572565, 'micro_precision': 0.9529013342572565, 'micro_recall': 0.9529013342572565, 'micro_f1': 0.9529013342572565, 'macro_precision': 0.17654457650764901, 'macro_recall': 0.24666232635652205, 'macro_f1': 0.17557692190965393, 'weighted_precision': 0.9891521122743379, 'weighted_recall': 0.9529013342572565, 'weighted_f1': 0.9699294008123222}, 21034.086636171)
2026-08-22 12:40:58,458 - INFO - configure_evaluate: no clients selected, skipping evaluation
2026-08-22 12:40:58,458 - INFO - 
2026-08-22 12:40:58,458 - INFO - [ROUND 26]
2026-08-22 12:40:58,458 - INFO - configure_fit: strategy sampled 60 clients (out of 60)
2026-08-22 12:41:01,635 - INFO - aggregate_fit: received 60 results and 0 failures
2026-08-22 12:41:01,742 - INFO - [Round 26] TOPSIS giu 48/60 | C_i 0.0000..1.0000
2026-08-22 12:41:01,827 - INFO - [Round 26] 8 cum (Eq.14) | giu 40/48 update | diem Krum 1.397e-02..2.518e+01
2026-08-22 12:41:01,833 - INFO - [Round 56] luu checkpoint -> out_1percent/checkpoints/round_056.pth
2026-08-22 12:54:47,283 - INFO - [Round 56] loss=0.3528 acc=0.9565 | micro P/R/F1=0.9565/0.9565/0.9565 | macro P/R/F1=0.1765/0.2479/0.1780 | weighted P/R/F1=0.9891/0.9565/0.9718
2026-08-22 12:54:47,284 - INFO - fit progress: (26, 0.35277961146531395, {'accuracy': 0.9565197688606722, 'micro_precision': 0.9565197688606722, 'micro_recall': 0.9565197688606722, 'micro_f1': 0.9565197688606722, 'macro_precision': 0.17646900730615725, 'macro_recall': 0.2479243217632933, 'macro_f1': 0.17800746795142064, 'weighted_precision': 0.9891246666289875, 'weighted_recall': 0.9565197688606722, 'weighted_f1': 0.9718198297182405}, 21862.913256036998)
2026-08-22 12:54:47,284 - INFO - configure_evaluate: no clients selected, skipping evaluation
2026-08-22 12:54:47,284 - INFO - 
2026-08-22 12:54:47,285 - INFO - [ROUND 27]
2026-08-22 12:54:47,285 - INFO - configure_fit: strategy sampled 60 clients (out of 60)
2026-08-22 12:54:50,067 - INFO - aggregate_fit: received 60 results and 0 failures
2026-08-22 12:54:50,172 - INFO - [Round 27] TOPSIS giu 48/60 | C_i 0.0000..1.0000
2026-08-22 12:54:50,257 - INFO - [Round 27] 8 cum (Eq.14) | giu 40/48 update | diem Krum 1.474e-02..2.510e+01
2026-08-22 12:54:50,262 - INFO - [Round 57] luu checkpoint -> out_1percent/checkpoints/round_057.pth
2026-08-22 13:08:38,290 - INFO - [Round 57] loss=0.3835 acc=0.9525 | micro P/R/F1=0.9525/0.9525/0.9525 | macro P/R/F1=0.1756/0.2515/0.1793 | weighted P/R/F1=0.9892/0.9525/0.9697
2026-08-22 13:08:38,291 - INFO - fit progress: (27, 0.3835090019309037, {'accuracy': 0.9524848159145936, 'micro_precision': 0.9524848159145936, 'micro_recall': 0.9524848159145936, 'micro_f1': 0.9524848159145936, 'macro_precision': 0.17564334872089937, 'macro_recall': 0.251543278856724, 'macro_f1': 0.17932309082571948, 'weighted_precision': 0.9891649924483112, 'weighted_recall': 0.9524848159145936, 'weighted_f1': 0.9697408488151319}, 22693.920418382)
2026-08-22 13:08:38,292 - INFO - configure_evaluate: no clients selected, skipping evaluation
2026-08-22 13:08:38,292 - INFO - 
2026-08-22 13:08:38,292 - INFO - [ROUND 28]
2026-08-22 13:08:38,292 - INFO - configure_fit: strategy sampled 60 clients (out of 60)
2026-08-22 13:08:41,002 - INFO - aggregate_fit: received 60 results and 0 failures
2026-08-22 13:08:41,108 - INFO - [Round 28] TOPSIS giu 48/60 | C_i 0.0000..1.0000
2026-08-22 13:08:41,193 - INFO - [Round 28] 8 cum (Eq.14) | giu 40/48 update | diem Krum 1.181e-02..2.508e+01
2026-08-22 13:08:41,198 - INFO - [Round 58] luu checkpoint -> out_1percent/checkpoints/round_058.pth
2026-08-22 13:22:29,801 - INFO - [Round 58] loss=0.3611 acc=0.9606 | micro P/R/F1=0.9606/0.9606/0.9606 | macro P/R/F1=0.1777/0.2547/0.1839 | weighted P/R/F1=0.9892/0.9606/0.9740
2026-08-22 13:22:29,803 - INFO - fit progress: (28, 0.36109184353357177, {'accuracy': 0.9606084960831146, 'micro_precision': 0.9606084960831146, 'micro_recall': 0.9606084960831146, 'micro_f1': 0.9606084960831146, 'macro_precision': 0.17765615134812454, 'macro_recall': 0.25466828469024433, 'macro_f1': 0.18394004982151368, 'weighted_precision': 0.9891771440009316, 'weighted_recall': 0.9606084960831146, 'weighted_f1': 0.9740076246601298}, 23525.431907142)
2026-08-22 13:22:29,803 - INFO - configure_evaluate: no clients selected, skipping evaluation
2026-08-22 13:22:29,803 - INFO - 
2026-08-22 13:22:29,803 - INFO - [ROUND 29]
2026-08-22 13:22:29,803 - INFO - configure_fit: strategy sampled 60 clients (out of 60)
2026-08-22 13:22:32,991 - INFO - aggregate_fit: received 60 results and 0 failures
2026-08-22 13:22:33,106 - INFO - [Round 29] TOPSIS giu 48/60 | C_i 0.0000..1.0000
2026-08-22 13:22:33,190 - INFO - [Round 29] 8 cum (Eq.14) | giu 40/48 update | diem Krum 1.052e-02..2.508e+01
2026-08-22 13:22:33,195 - INFO - [Round 59] luu checkpoint -> out_1percent/checkpoints/round_059.pth
2026-08-22 13:36:23,271 - INFO - [Round 59] loss=0.4171 acc=0.9328 | micro P/R/F1=0.9328/0.9328/0.9328 | macro P/R/F1=0.1747/0.2652/0.1771 | weighted P/R/F1=0.9891/0.9328/0.9593
2026-08-22 13:36:23,272 - INFO - fit progress: (29, 0.4170900480639972, {'accuracy': 0.9328479607267185, 'micro_precision': 0.9328479607267185, 'micro_recall': 0.9328479607267185, 'micro_f1': 0.9328479607267185, 'macro_precision': 0.17468721700090747, 'macro_recall': 0.26518323615365164, 'macro_f1': 0.1771309707903416, 'weighted_precision': 0.9891417403857827, 'weighted_recall': 0.9328479607267185, 'weighted_f1': 0.9593431656114703}, 24358.901541402)
2026-08-22 13:36:23,273 - INFO - configure_evaluate: no clients selected, skipping evaluation
2026-08-22 13:36:23,273 - INFO - 
2026-08-22 13:36:23,273 - INFO - [ROUND 30]
2026-08-22 13:36:23,273 - INFO - configure_fit: strategy sampled 60 clients (out of 60)
2026-08-22 13:36:25,985 - INFO - aggregate_fit: received 60 results and 0 failures
2026-08-22 13:36:26,092 - INFO - [Round 30] TOPSIS giu 48/60 | C_i 0.0000..1.0000
2026-08-22 13:36:26,175 - INFO - [Round 30] 8 cum (Eq.14) | giu 40/48 update | diem Krum 1.190e-02..2.502e+01
2026-08-22 13:36:26,180 - INFO - [Round 60] luu checkpoint -> out_1percent/checkpoints/round_060.pth
2026-08-22 13:50:15,763 - INFO - [Round 60] loss=0.3778 acc=0.9414 | micro P/R/F1=0.9414/0.9414/0.9414 | macro P/R/F1=0.1768/0.2709/0.1814 | weighted P/R/F1=0.9893/0.9414/0.9639
2026-08-22 13:50:18,682 - INFO - Luu out_1percent/confusion_matrix_task1.csv
2026-08-22 13:50:18,682 - INFO - Luu out_1percent/confusion_matrix_task1_normalized.csv
2026-08-22 13:50:27,351 - INFO - Luu out_1percent/classification_report_task1.txt
               precision    recall  f1-score   support

       Benign     0.9955    0.9454    0.9698  41700592
          DoS     0.0540    0.5215    0.0979    145129
       double     0.0000    0.0000    0.0000     12413
force-neutral     0.0000    0.0000    0.0000      5744
      fuzzing     0.0110    0.1585    0.0206     67321
     interval     0.0000    0.0000    0.0000     40542

     accuracy                         0.9414  41971741
    macro avg     0.1768    0.2709    0.1814  41971741
 weighted avg     0.9893    0.9414    0.9639  41971741

2026-08-22 13:50:27,587 - INFO - Luu out_1percent/confusion_matrix_task1.png
2026-08-22 13:50:27,588 - INFO - fit progress: (30, 0.3777670520652234, {'accuracy': 0.9413754125662788, 'micro_precision': 0.9413754125662788, 'micro_recall': 0.9413754125662788, 'micro_f1': 0.9413754125662788, 'macro_precision': 0.1767550423358688, 'macro_recall': 0.2709091400141223, 'macro_f1': 0.18138517821757302, 'weighted_precision': 0.9892717217781767, 'weighted_recall': 0.9413754125662788, 'weighted_f1': 0.9639223122426198}, 25203.217363007)
2026-08-22 13:50:27,588 - INFO - configure_evaluate: no clients selected, skipping evaluation
2026-08-22 13:50:27,589 - INFO - 
2026-08-22 13:50:27,589 - INFO - [SUMMARY]
2026-08-22 13:50:27,589 - INFO - Run finished 30 round(s) in 25203.22s
2026-08-22 13:50:27,594 - INFO - 	History (loss, centralized):
2026-08-22 13:50:27,595 - INFO - 		round 1: 0.09228805539174229
2026-08-22 13:50:27,595 - INFO - 		round 2: 0.11581514900947204
2026-08-22 13:50:27,595 - INFO - 		round 3: 0.2153165617661084
2026-08-22 13:50:27,595 - INFO - 		round 4: 0.2888583334622313
2026-08-22 13:50:27,595 - INFO - 		round 5: 0.29315489417728646
2026-08-22 13:50:27,595 - INFO - 		round 6: 0.30070573791198485
2026-08-22 13:50:27,595 - INFO - 		round 7: 0.3067184255075271
2026-08-22 13:50:27,595 - INFO - 		round 8: 0.3179945756697985
2026-08-22 13:50:27,595 - INFO - 		round 9: 0.32249622900841596
2026-08-22 13:50:27,595 - INFO - 		round 10: 0.33674712477515073
2026-08-22 13:50:27,595 - INFO - 		round 11: 0.3234126162842486
2026-08-22 13:50:27,595 - INFO - 		round 12: 0.32692943551489656
2026-08-22 13:50:27,595 - INFO - 		round 13: 0.3238192461067513
2026-08-22 13:50:27,595 - INFO - 		round 14: 0.3201021616107942
2026-08-22 13:50:27,595 - INFO - 		round 15: 0.31317490522635577
2026-08-22 13:50:27,595 - INFO - 		round 16: 0.30352768488082915
2026-08-22 13:50:27,595 - INFO - 		round 17: 0.3155008508583166
2026-08-22 13:50:27,595 - INFO - 		round 18: 0.2974921176522668
2026-08-22 13:50:27,595 - INFO - 		round 19: 0.32130287178907657
2026-08-22 13:50:27,595 - INFO - 		round 20: 0.314722321942088
2026-08-22 13:50:27,596 - INFO - 		round 21: 0.3418793189546543
2026-08-22 13:50:27,596 - INFO - 		round 22: 0.32496104735930526
2026-08-22 13:50:27,596 - INFO - 		round 23: 0.35537156850029766
2026-08-22 13:50:27,596 - INFO - 		round 24: 0.3430418770681779
2026-08-22 13:50:27,596 - INFO - 		round 25: 0.35540306343348765
2026-08-22 13:50:27,596 - INFO - 		round 26: 0.35277961146531395
2026-08-22 13:50:27,596 - INFO - 		round 27: 0.3835090019309037
2026-08-22 13:50:27,596 - INFO - 		round 28: 0.36109184353357177
2026-08-22 13:50:27,596 - INFO - 		round 29: 0.4170900480639972
2026-08-22 13:50:27,596 - INFO - 		round 30: 0.3777670520652234
2026-08-22 13:50:27,596 - INFO - 	History (metrics, distributed, fit):
2026-08-22 13:50:27,596 - INFO - 	{'krum_kept': [(1, 40),
2026-08-22 13:50:27,596 - INFO - 	               (2, 40),
2026-08-22 13:50:27,596 - INFO - 	               (3, 40),
2026-08-22 13:50:27,596 - INFO - 	               (4, 40),
2026-08-22 13:50:27,596 - INFO - 	               (5, 40),
2026-08-22 13:50:27,596 - INFO - 	               (6, 40),
2026-08-22 13:50:27,596 - INFO - 	               (7, 40),
2026-08-22 13:50:27,596 - INFO - 	               (8, 40),
2026-08-22 13:50:27,596 - INFO - 	               (9, 40),
2026-08-22 13:50:27,596 - INFO - 	               (10, 40),
2026-08-22 13:50:27,596 - INFO - 	               (11, 40),
2026-08-22 13:50:27,596 - INFO - 	               (12, 40),
2026-08-22 13:50:27,596 - INFO - 	               (13, 40),
2026-08-22 13:50:27,597 - INFO - 	               (14, 40),
2026-08-22 13:50:27,597 - INFO - 	               (15, 40),
2026-08-22 13:50:27,597 - INFO - 	               (16, 40),
2026-08-22 13:50:27,597 - INFO - 	               (17, 40),
2026-08-22 13:50:27,597 - INFO - 	               (18, 40),
2026-08-22 13:50:27,597 - INFO - 	               (19, 40),
2026-08-22 13:50:27,597 - INFO - 	               (20, 40),
2026-08-22 13:50:27,597 - INFO - 	               (21, 40),
2026-08-22 13:50:27,597 - INFO - 	               (22, 40),
2026-08-22 13:50:27,597 - INFO - 	               (23, 40),
2026-08-22 13:50:27,597 - INFO - 	               (24, 40),
2026-08-22 13:50:27,597 - INFO - 	               (25, 40),
2026-08-22 13:50:27,597 - INFO - 	               (26, 40),
2026-08-22 13:50:27,597 - INFO - 	               (27, 40),
2026-08-22 13:50:27,597 - INFO - 	               (28, 40),
2026-08-22 13:50:27,597 - INFO - 	               (29, 40),
2026-08-22 13:50:27,597 - INFO - 	               (30, 40)],
2026-08-22 13:50:27,598 - INFO - 	 'krum_rejected': [(1, 8),
2026-08-22 13:50:27,598 - INFO - 	                   (2, 8),
2026-08-22 13:50:27,598 - INFO - 	                   (3, 8),
2026-08-22 13:50:27,598 - INFO - 	                   (4, 8),
2026-08-22 13:50:27,598 - INFO - 	                   (5, 8),
2026-08-22 13:50:27,598 - INFO - 	                   (6, 8),
2026-08-22 13:50:27,598 - INFO - 	                   (7, 8),
2026-08-22 13:50:27,598 - INFO - 	                   (8, 8),
2026-08-22 13:50:27,598 - INFO - 	                   (9, 8),
2026-08-22 13:50:27,598 - INFO - 	                   (10, 8),
2026-08-22 13:50:27,598 - INFO - 	                   (11, 8),
2026-08-22 13:50:27,598 - INFO - 	                   (12, 8),
2026-08-22 13:50:27,598 - INFO - 	                   (13, 8),
2026-08-22 13:50:27,598 - INFO - 	                   (14, 8),
2026-08-22 13:50:27,598 - INFO - 	                   (15, 8),
2026-08-22 13:50:27,598 - INFO - 	                   (16, 8),
2026-08-22 13:50:27,598 - INFO - 	                   (17, 8),
2026-08-22 13:50:27,598 - INFO - 	                   (18, 8),
2026-08-22 13:50:27,599 - INFO - 	                   (19, 8),
2026-08-22 13:50:27,599 - INFO - 	                   (20, 8),
2026-08-22 13:50:27,599 - INFO - 	                   (21, 8),
2026-08-22 13:50:27,599 - INFO - 	                   (22, 8),
2026-08-22 13:50:27,599 - INFO - 	                   (23, 8),
2026-08-22 13:50:27,599 - INFO - 	                   (24, 8),
2026-08-22 13:50:27,599 - INFO - 	                   (25, 8),
2026-08-22 13:50:27,599 - INFO - 	                   (26, 8),
2026-08-22 13:50:27,599 - INFO - 	                   (27, 8),
2026-08-22 13:50:27,599 - INFO - 	                   (28, 8),
2026-08-22 13:50:27,599 - INFO - 	                   (29, 8),
2026-08-22 13:50:27,599 - INFO - 	                   (30, 8)],
2026-08-22 13:50:27,599 - INFO - 	 'krum_score_max': [(1, 24.843719482421875),
2026-08-22 13:50:27,599 - INFO - 	                    (2, 24.905550479888916),
2026-08-22 13:50:27,599 - INFO - 	                    (3, 24.9292950630188),
2026-08-22 13:50:27,599 - INFO - 	                    (4, 24.9559588432312),
2026-08-22 13:50:27,600 - INFO - 	                    (5, 24.979321002960205),
2026-08-22 13:50:27,600 - INFO - 	                    (6, 24.996875286102295),
2026-08-22 13:50:27,600 - INFO - 	                    (7, 25.012070655822754),
2026-08-22 13:50:27,600 - INFO - 	                    (8, 25.03271770477295),
2026-08-22 13:50:27,600 - INFO - 	                    (9, 25.036003589630127),
2026-08-22 13:50:27,600 - INFO - 	                    (10, 25.091132164001465),
2026-08-22 13:50:27,600 - INFO - 	                    (11, 25.144580841064453),
2026-08-22 13:50:27,600 - INFO - 	                    (12, 25.15680170059204),
2026-08-22 13:50:27,600 - INFO - 	                    (13, 25.22644805908203),
2026-08-22 13:50:27,600 - INFO - 	                    (14, 25.209611415863037),
2026-08-22 13:50:27,600 - INFO - 	                    (15, 25.25195550918579),
2026-08-22 13:50:27,600 - INFO - 	                    (16, 25.21328353881836),
2026-08-22 13:50:27,600 - INFO - 	                    (17, 25.24986505508423),
2026-08-22 13:50:27,600 - INFO - 	                    (18, 25.2611985206604),
2026-08-22 13:50:27,600 - INFO - 	                    (19, 25.3725848197937),
2026-08-22 13:50:27,600 - INFO - 	                    (20, 25.41655731201172),
2026-08-22 13:50:27,601 - INFO - 	                    (21, 25.31336736679077),
2026-08-22 13:50:27,601 - INFO - 	                    (22, 25.36250352859497),
2026-08-22 13:50:27,601 - INFO - 	                    (23, 25.281646251678467),
2026-08-22 13:50:27,601 - INFO - 	                    (24, 25.21291494369507),
2026-08-22 13:50:27,601 - INFO - 	                    (25, 25.252697944641113),
2026-08-22 13:50:27,601 - INFO - 	                    (26, 25.175528049468994),
2026-08-22 13:50:27,601 - INFO - 	                    (27, 25.103095531463623),
2026-08-22 13:50:27,601 - INFO - 	                    (28, 25.07699680328369),
2026-08-22 13:50:27,601 - INFO - 	                    (29, 25.082921028137207),
2026-08-22 13:50:27,601 - INFO - 	                    (30, 25.019574642181396)],
2026-08-22 13:50:27,601 - INFO - 	 'krum_score_min': [(1, 0.005511283874511719),
2026-08-22 13:50:27,601 - INFO - 	                    (2, 0.005357265472412109),
2026-08-22 13:50:27,601 - INFO - 	                    (3, 0.005196094512939453),
2026-08-22 13:50:27,601 - INFO - 	                    (4, 0.005648612976074219),
2026-08-22 13:50:27,601 - INFO - 	                    (5, 0.007314205169677734),
2026-08-22 13:50:27,602 - INFO - 	                    (6, 0.007297992706298828),
2026-08-22 13:50:27,602 - INFO - 	                    (7, 0.009067535400390625),
2026-08-22 13:50:27,602 - INFO - 	                    (8, 0.009574413299560547),
2026-08-22 13:50:27,602 - INFO - 	                    (9, 0.009212017059326172),
2026-08-22 13:50:27,602 - INFO - 	                    (10, 0.008217811584472656),
2026-08-22 13:50:27,602 - INFO - 	                    (11, 0.007712841033935547),
2026-08-22 13:50:27,602 - INFO - 	                    (12, 0.010094165802001953),
2026-08-22 13:50:27,602 - INFO - 	                    (13, 0.01219797134399414),
2026-08-22 13:50:27,602 - INFO - 	                    (14, 0.010732650756835938),
2026-08-22 13:50:27,602 - INFO - 	                    (15, 0.01147317886352539),
2026-08-22 13:50:27,602 - INFO - 	                    (16, 0.01097726821899414),
2026-08-22 13:50:27,602 - INFO - 	                    (17, 0.01250314712524414),
2026-08-22 13:50:27,602 - INFO - 	                    (18, 0.013079166412353516),
2026-08-22 13:50:27,602 - INFO - 	                    (19, 0.01360940933227539),
2026-08-22 13:50:27,602 - INFO - 	                    (20, 0.013099193572998047),
2026-08-22 13:50:27,602 - INFO - 	                    (21, 0.010480880737304688),
2026-08-22 13:50:27,602 - INFO - 	                    (22, 0.01118612289428711),
2026-08-22 13:50:27,602 - INFO - 	                    (23, 0.009857177734375),
2026-08-22 13:50:27,602 - INFO - 	                    (24, 0.011787891387939453),
2026-08-22 13:50:27,603 - INFO - 	                    (25, 0.012156486511230469),
2026-08-22 13:50:27,603 - INFO - 	                    (26, 0.013967514038085938),
2026-08-22 13:50:27,603 - INFO - 	                    (27, 0.014738082885742188),
2026-08-22 13:50:27,603 - INFO - 	                    (28, 0.011808395385742188),
2026-08-22 13:50:27,603 - INFO - 	                    (29, 0.010516643524169922),
2026-08-22 13:50:27,603 - INFO - 	                    (30, 0.011899948120117188)],
2026-08-22 13:50:27,603 - INFO - 	 'n_clusters': [(1, 8),
2026-08-22 13:50:27,603 - INFO - 	                (2, 8),
2026-08-22 13:50:27,603 - INFO - 	                (3, 8),
2026-08-22 13:50:27,603 - INFO - 	                (4, 8),
2026-08-22 13:50:27,603 - INFO - 	                (5, 8),
2026-08-22 13:50:27,603 - INFO - 	                (6, 8),
2026-08-22 13:50:27,603 - INFO - 	                (7, 8),
2026-08-22 13:50:27,603 - INFO - 	                (8, 8),
2026-08-22 13:50:27,603 - INFO - 	                (9, 8),
2026-08-22 13:50:27,603 - INFO - 	                (10, 8),
2026-08-22 13:50:27,603 - INFO - 	                (11, 8),
2026-08-22 13:50:27,603 - INFO - 	                (12, 8),
2026-08-22 13:50:27,604 - INFO - 	                (13, 8),
2026-08-22 13:50:27,604 - INFO - 	                (14, 8),
2026-08-22 13:50:27,604 - INFO - 	                (15, 8),
2026-08-22 13:50:27,604 - INFO - 	                (16, 8),
2026-08-22 13:50:27,604 - INFO - 	                (17, 8),
2026-08-22 13:50:27,604 - INFO - 	                (18, 8),
2026-08-22 13:50:27,604 - INFO - 	                (19, 8),
2026-08-22 13:50:27,604 - INFO - 	                (20, 8),
2026-08-22 13:50:27,604 - INFO - 	                (21, 8),
2026-08-22 13:50:27,604 - INFO - 	                (22, 8),
2026-08-22 13:50:27,604 - INFO - 	                (23, 8),
2026-08-22 13:50:27,604 - INFO - 	                (24, 8),
2026-08-22 13:50:27,604 - INFO - 	                (25, 8),
2026-08-22 13:50:27,604 - INFO - 	                (26, 8),
2026-08-22 13:50:27,604 - INFO - 	                (27, 8),
2026-08-22 13:50:27,604 - INFO - 	                (28, 8),
2026-08-22 13:50:27,605 - INFO - 	                (29, 8),
2026-08-22 13:50:27,605 - INFO - 	                (30, 8)],
2026-08-22 13:50:27,605 - INFO - 	 'num_clients': [(1, 40),
2026-08-22 13:50:27,605 - INFO - 	                 (2, 40),
2026-08-22 13:50:27,605 - INFO - 	                 (3, 40),
2026-08-22 13:50:27,605 - INFO - 	                 (4, 40),
2026-08-22 13:50:27,605 - INFO - 	                 (5, 40),
2026-08-22 13:50:27,605 - INFO - 	                 (6, 40),
2026-08-22 13:50:27,605 - INFO - 	                 (7, 40),
2026-08-22 13:50:27,605 - INFO - 	                 (8, 40),
2026-08-22 13:50:27,605 - INFO - 	                 (9, 40),
2026-08-22 13:50:27,605 - INFO - 	                 (10, 40),
2026-08-22 13:50:27,605 - INFO - 	                 (11, 40),
2026-08-22 13:50:27,605 - INFO - 	                 (12, 40),
2026-08-22 13:50:27,605 - INFO - 	                 (13, 40),
2026-08-22 13:50:27,605 - INFO - 	                 (14, 40),
2026-08-22 13:50:27,605 - INFO - 	                 (15, 40),
2026-08-22 13:50:27,605 - INFO - 	                 (16, 40),
2026-08-22 13:50:27,605 - INFO - 	                 (17, 40),
2026-08-22 13:50:27,606 - INFO - 	                 (18, 40),
2026-08-22 13:50:27,606 - INFO - 	                 (19, 40),
2026-08-22 13:50:27,606 - INFO - 	                 (20, 40),
2026-08-22 13:50:27,606 - INFO - 	                 (21, 40),
2026-08-22 13:50:27,606 - INFO - 	                 (22, 40),
2026-08-22 13:50:27,606 - INFO - 	                 (23, 40),
2026-08-22 13:50:27,606 - INFO - 	                 (24, 40),
2026-08-22 13:50:27,606 - INFO - 	                 (25, 40),
2026-08-22 13:50:27,606 - INFO - 	                 (26, 40),
2026-08-22 13:50:27,606 - INFO - 	                 (27, 40),
2026-08-22 13:50:27,606 - INFO - 	                 (28, 40),
2026-08-22 13:50:27,606 - INFO - 	                 (29, 40),
2026-08-22 13:50:27,606 - INFO - 	                 (30, 40)],
2026-08-22 13:50:27,606 - INFO - 	 'personalized_clients': [(1, 0),
2026-08-22 13:50:27,606 - INFO - 	                          (2, 0),
2026-08-22 13:50:27,606 - INFO - 	                          (3, 0),
2026-08-22 13:50:27,606 - INFO - 	                          (4, 0),
2026-08-22 13:50:27,606 - INFO - 	                          (5, 0),
2026-08-22 13:50:27,606 - INFO - 	                          (6, 0),
2026-08-22 13:50:27,606 - INFO - 	                          (7, 0),
2026-08-22 13:50:27,606 - INFO - 	                          (8, 0),
2026-08-22 13:50:27,606 - INFO - 	                          (9, 0),
2026-08-22 13:50:27,606 - INFO - 	                          (10, 0),
2026-08-22 13:50:27,606 - INFO - 	                          (11, 0),
2026-08-22 13:50:27,606 - INFO - 	                          (12, 0),
2026-08-22 13:50:27,607 - INFO - 	                          (13, 0),
2026-08-22 13:50:27,607 - INFO - 	                          (14, 0),
2026-08-22 13:50:27,607 - INFO - 	                          (15, 0),
2026-08-22 13:50:27,607 - INFO - 	                          (16, 0),
2026-08-22 13:50:27,607 - INFO - 	                          (17, 0),
2026-08-22 13:50:27,607 - INFO - 	                          (18, 0),
2026-08-22 13:50:27,607 - INFO - 	                          (19, 0),
2026-08-22 13:50:27,607 - INFO - 	                          (20, 0),
2026-08-22 13:50:27,607 - INFO - 	                          (21, 0),
2026-08-22 13:50:27,607 - INFO - 	                          (22, 0),
2026-08-22 13:50:27,607 - INFO - 	                          (23, 0),
2026-08-22 13:50:27,607 - INFO - 	                          (24, 0),
2026-08-22 13:50:27,607 - INFO - 	                          (25, 0),
2026-08-22 13:50:27,607 - INFO - 	                          (26, 0),
2026-08-22 13:50:27,607 - INFO - 	                          (27, 0),
2026-08-22 13:50:27,607 - INFO - 	                          (28, 0),
2026-08-22 13:50:27,607 - INFO - 	                          (29, 0),
2026-08-22 13:50:27,607 - INFO - 	                          (30, 0)],
2026-08-22 13:50:27,607 - INFO - 	 'topsis_ci_max': [(1, 0.9999999909757735),
2026-08-22 13:50:27,607 - INFO - 	                   (2, 0.9999999825473237),
2026-08-22 13:50:27,607 - INFO - 	                   (3, 0.9999999729223525),
2026-08-22 13:50:27,607 - INFO - 	                   (4, 0.9999999864940142),
2026-08-22 13:50:27,607 - INFO - 	                   (5, 0.9999999999967323),
2026-08-22 13:50:27,607 - INFO - 	                   (6, 0.9999999716357516),
2026-08-22 13:50:27,607 - INFO - 	                   (7, 0.9999999715935277),
2026-08-22 13:50:27,607 - INFO - 	                   (8, 0.999999948846283),
2026-08-22 13:50:27,607 - INFO - 	                   (9, 0.9999999846911511),
2026-08-22 13:50:27,608 - INFO - 	                   (10, 0.9999999505269023),
2026-08-22 13:50:27,608 - INFO - 	                   (11, 0.9999999370167767),
2026-08-22 13:50:27,608 - INFO - 	                   (12, 0.9999999999964364),
2026-08-22 13:50:27,608 - INFO - 	                   (13, 0.9999999658986465),
2026-08-22 13:50:27,608 - INFO - 	                   (14, 0.9999999355492535),
2026-08-22 13:50:27,608 - INFO - 	                   (15, 0.9999999926226333),
2026-08-22 13:50:27,608 - INFO - 	                   (16, 0.9999999616072788),
2026-08-22 13:50:27,608 - INFO - 	                   (17, 0.9999999606541777),
2026-08-22 13:50:27,608 - INFO - 	                   (18, 0.9999999948214192),
2026-08-22 13:50:27,608 - INFO - 	                   (19, 0.9999999392511928),
2026-08-22 13:50:27,608 - INFO - 	                   (20, 0.9999998612357747),
2026-08-22 13:50:27,608 - INFO - 	                   (21, 0.9999999567321607),
2026-08-22 13:50:27,608 - INFO - 	                   (22, 0.9999998438005193),
2026-08-22 13:50:27,608 - INFO - 	                   (23, 0.9999998334364422),
2026-08-22 13:50:27,608 - INFO - 	                   (24, 0.9999999711952653),
2026-08-22 13:50:27,608 - INFO - 	                   (25, 0.9999999059238144),
2026-08-22 13:50:27,608 - INFO - 	                   (26, 0.9999999573358263),
2026-08-22 13:50:27,608 - INFO - 	                   (27, 0.9999998802636872),
2026-08-22 13:50:27,608 - INFO - 	                   (28, 0.9999998901715001),
2026-08-22 13:50:27,608 - INFO - 	                   (29, 0.9999998843321669),
2026-08-22 13:50:27,608 - INFO - 	                   (30, 0.999999908902838)],
2026-08-22 13:50:27,608 - INFO - 	 'topsis_ci_min': [(1, 0.0),
2026-08-22 13:50:27,608 - INFO - 	                   (2, 0.0),
2026-08-22 13:50:27,608 - INFO - 	                   (3, 0.0),
2026-08-22 13:50:27,609 - INFO - 	                   (4, 0.0),
2026-08-22 13:50:27,609 - INFO - 	                   (5, 0.0),
2026-08-22 13:50:27,609 - INFO - 	                   (6, 0.0),
2026-08-22 13:50:27,609 - INFO - 	                   (7, 0.0),
2026-08-22 13:50:27,609 - INFO - 	                   (8, 0.0),
2026-08-22 13:50:27,609 - INFO - 	                   (9, 0.0),
2026-08-22 13:50:27,609 - INFO - 	                   (10, 0.0),
2026-08-22 13:50:27,609 - INFO - 	                   (11, 0.0),
2026-08-22 13:50:27,609 - INFO - 	                   (12, 0.0),
2026-08-22 13:50:27,609 - INFO - 	                   (13, 0.0),
2026-08-22 13:50:27,609 - INFO - 	                   (14, 0.0),
2026-08-22 13:50:27,609 - INFO - 	                   (15, 0.0),
2026-08-22 13:50:27,609 - INFO - 	                   (16, 0.0),
2026-08-22 13:50:27,609 - INFO - 	                   (17, 0.0),
2026-08-22 13:50:27,609 - INFO - 	                   (18, 0.0),
2026-08-22 13:50:27,609 - INFO - 	                   (19, 0.0),
2026-08-22 13:50:27,609 - INFO - 	                   (20, 0.0),
2026-08-22 13:50:27,609 - INFO - 	                   (21, 0.0),
2026-08-22 13:50:27,610 - INFO - 	                   (22, 0.0),
2026-08-22 13:50:27,610 - INFO - 	                   (23, 0.0),
2026-08-22 13:50:27,610 - INFO - 	                   (24, 0.0),
2026-08-22 13:50:27,610 - INFO - 	                   (25, 0.0),
2026-08-22 13:50:27,610 - INFO - 	                   (26, 0.0),
2026-08-22 13:50:27,610 - INFO - 	                   (27, 0.0),
2026-08-22 13:50:27,610 - INFO - 	                   (28, 0.0),
2026-08-22 13:50:27,610 - INFO - 	                   (29, 0.0),
2026-08-22 13:50:27,610 - INFO - 	                   (30, 0.0)],
2026-08-22 13:50:27,610 - INFO - 	 'topsis_kept': [(1, 48),
2026-08-22 13:50:27,610 - INFO - 	                 (2, 48),
2026-08-22 13:50:27,610 - INFO - 	                 (3, 48),
2026-08-22 13:50:27,610 - INFO - 	                 (4, 48),
2026-08-22 13:50:27,610 - INFO - 	                 (5, 48),
2026-08-22 13:50:27,610 - INFO - 	                 (6, 48),
2026-08-22 13:50:27,610 - INFO - 	                 (7, 48),
2026-08-22 13:50:27,611 - INFO - 	                 (8, 48),
2026-08-22 13:50:27,611 - INFO - 	                 (9, 48),
2026-08-22 13:50:27,611 - INFO - 	                 (10, 48),
2026-08-22 13:50:27,611 - INFO - 	                 (11, 48),
2026-08-22 13:50:27,611 - INFO - 	                 (12, 48),
2026-08-22 13:50:27,611 - INFO - 	                 (13, 48),
2026-08-22 13:50:27,611 - INFO - 	                 (14, 48),
2026-08-22 13:50:27,611 - INFO - 	                 (15, 48),
2026-08-22 13:50:27,611 - INFO - 	                 (16, 48),
2026-08-22 13:50:27,611 - INFO - 	                 (17, 48),
2026-08-22 13:50:27,611 - INFO - 	                 (18, 48),
2026-08-22 13:50:27,611 - INFO - 	                 (19, 48),
2026-08-22 13:50:27,611 - INFO - 	                 (20, 48),
2026-08-22 13:50:27,611 - INFO - 	                 (21, 48),
2026-08-22 13:50:27,611 - INFO - 	                 (22, 48),
2026-08-22 13:50:27,611 - INFO - 	                 (23, 48),
2026-08-22 13:50:27,611 - INFO - 	                 (24, 48),
2026-08-22 13:50:27,612 - INFO - 	                 (25, 48),
2026-08-22 13:50:27,612 - INFO - 	                 (26, 48),
2026-08-22 13:50:27,612 - INFO - 	                 (27, 48),
2026-08-22 13:50:27,612 - INFO - 	                 (28, 48),
2026-08-22 13:50:27,612 - INFO - 	                 (29, 48),
2026-08-22 13:50:27,612 - INFO - 	                 (30, 48)],
2026-08-22 13:50:27,612 - INFO - 	 'train_loss': [(1, 15.306707884520183),
2026-08-22 13:50:27,612 - INFO - 	                (2, 14.11232508282808),
2026-08-22 13:50:27,612 - INFO - 	                (3, 13.1936153479172),
2026-08-22 13:50:27,612 - INFO - 	                (4, 12.418531069177066),
2026-08-22 13:50:27,612 - INFO - 	                (5, 11.785916553295673),
2026-08-22 13:50:27,612 - INFO - 	                (6, 11.198594854653225),
2026-08-22 13:50:27,612 - INFO - 	                (7, 10.688617276423535),
2026-08-22 13:50:27,612 - INFO - 	                (8, 10.263542014235766),
2026-08-22 13:50:27,612 - INFO - 	                (9, 9.799925709205521),
2026-08-22 13:50:27,612 - INFO - 	                (10, 9.359106932681946),
2026-08-22 13:50:27,612 - INFO - 	                (11, 8.94469334921589),
2026-08-22 13:50:27,612 - INFO - 	                (12, 8.526145942637413),
2026-08-22 13:50:27,612 - INFO - 	                (13, 8.140630501057428),
2026-08-22 13:50:27,612 - INFO - 	                (14, 7.788109709576532),
2026-08-22 13:50:27,612 - INFO - 	                (15, 7.485646665310252),
2026-08-22 13:50:27,612 - INFO - 	                (16, 7.153684641553758),
2026-08-22 13:50:27,612 - INFO - 	                (17, 6.9096402079853325),
2026-08-22 13:50:27,612 - INFO - 	                (18, 6.573671311500601),
2026-08-22 13:50:27,613 - INFO - 	                (19, 6.289009729071151),
2026-08-22 13:50:27,613 - INFO - 	                (20, 6.023386680423236),
2026-08-22 13:50:27,613 - INFO - 	                (21, 5.757278606969664),
2026-08-22 13:50:27,613 - INFO - 	                (22, 5.458775652138143),
2026-08-22 13:50:27,613 - INFO - 	                (23, 5.188314260762673),
2026-08-22 13:50:27,613 - INFO - 	                (24, 4.9205162758541405),
2026-08-22 13:50:27,613 - INFO - 	                (25, 4.609933354675451),
2026-08-22 13:50:27,613 - INFO - 	                (26, 4.41435926694428),
2026-08-22 13:50:27,613 - INFO - 	                (27, 4.14465833594766),
2026-08-22 13:50:27,613 - INFO - 	                (28, 3.909938839450968),
2026-08-22 13:50:27,613 - INFO - 	                (29, 3.6348236253006476),
2026-08-22 13:50:27,613 - INFO - 	                (30, 3.430884599038609)]}
2026-08-22 13:50:27,613 - INFO - 	History (metrics, centralized):
2026-08-22 13:50:27,613 - INFO - 	{'accuracy': [(1, 0.9886737602807565),
2026-08-22 13:50:27,613 - INFO - 	              (2, 0.9892000906038184),
2026-08-22 13:50:27,613 - INFO - 	              (3, 0.9180084047502343),
2026-08-22 13:50:27,613 - INFO - 	              (4, 0.8734139953832271),
2026-08-22 13:50:27,613 - INFO - 	              (5, 0.8712057000447039),
2026-08-22 13:50:27,613 - INFO - 	              (6, 0.8717705086381811),
2026-08-22 13:50:27,613 - INFO - 	              (7, 0.8806270628611761),
2026-08-22 13:50:27,613 - INFO - 	              (8, 0.8861151125467966),
2026-08-22 13:50:27,613 - INFO - 	              (9, 0.894093647437689),
2026-08-22 13:50:27,613 - INFO - 	              (10, 0.8819962221724374),
2026-08-22 13:50:27,613 - INFO - 	              (11, 0.9072761837542074),
2026-08-22 13:50:27,613 - INFO - 	              (12, 0.9141967449003366),
2026-08-22 13:50:27,613 - INFO - 	              (13, 0.9177466095580834),
2026-08-22 13:50:27,613 - INFO - 	              (14, 0.9210272216251406),
2026-08-22 13:50:27,613 - INFO - 	              (15, 0.9226476452334917),
2026-08-22 13:50:27,614 - INFO - 	              (16, 0.9227702277110688),
2026-08-22 13:50:27,614 - INFO - 	              (17, 0.9210195497966119),
2026-08-22 13:50:27,614 - INFO - 	              (18, 0.9251609553199139),
2026-08-22 13:50:27,614 - INFO - 	              (19, 0.917256970588854),
2026-08-22 13:50:27,614 - INFO - 	              (20, 0.9296028963868809),
2026-08-22 13:50:27,614 - INFO - 	              (21, 0.9226653476204383),
2026-08-22 13:50:27,614 - INFO - 	              (22, 0.935265873293176),
2026-08-22 13:50:27,614 - INFO - 	              (23, 0.9354950989524118),
2026-08-22 13:50:27,614 - INFO - 	              (24, 0.943355673523288),
2026-08-22 13:50:27,614 - INFO - 	              (25, 0.9529013342572565),
2026-08-22 13:50:27,614 - INFO - 	              (26, 0.9565197688606722),
2026-08-22 13:50:27,614 - INFO - 	              (27, 0.9524848159145936),
2026-08-22 13:50:27,614 - INFO - 	              (28, 0.9606084960831146),
2026-08-22 13:50:27,614 - INFO - 	              (29, 0.9328479607267185),
2026-08-22 13:50:27,614 - INFO - 	              (30, 0.9413754125662788)],
2026-08-22 13:50:27,614 - INFO - 	 'macro_f1': [(1, 0.21592723138779038),
2026-08-22 13:50:27,614 - INFO - 	              (2, 0.19689710453431367),
2026-08-22 13:50:27,614 - INFO - 	              (3, 0.16052628569587665),
2026-08-22 13:50:27,614 - INFO - 	              (4, 0.15791883291611877),
2026-08-22 13:50:27,614 - INFO - 	              (5, 0.15777252253543234),
2026-08-22 13:50:27,614 - INFO - 	              (6, 0.15959323827931324),
2026-08-22 13:50:27,614 - INFO - 	              (7, 0.16164608715520798),
2026-08-22 13:50:27,614 - INFO - 	              (8, 0.1624029402870802),
2026-08-22 13:50:27,614 - INFO - 	              (9, 0.16350778761231768),
2026-08-22 13:50:27,614 - INFO - 	              (10, 0.161648329108637),
2026-08-22 13:50:27,614 - INFO - 	              (11, 0.16512090791091819),
2026-08-22 13:50:27,615 - INFO - 	              (12, 0.16618736242029022),
2026-08-22 13:50:27,615 - INFO - 	              (13, 0.1668146179385075),
2026-08-22 13:50:27,615 - INFO - 	              (14, 0.1673585669280611),
2026-08-22 13:50:27,615 - INFO - 	              (15, 0.16765152490614363),
2026-08-22 13:50:27,615 - INFO - 	              (16, 0.16766804252731707),
2026-08-22 13:50:27,615 - INFO - 	              (17, 0.16744237897259248),
2026-08-22 13:50:27,615 - INFO - 	              (18, 0.1681219126941548),
2026-08-22 13:50:27,615 - INFO - 	              (19, 0.16672476573815273),
2026-08-22 13:50:27,615 - INFO - 	              (20, 0.16900600873049534),
2026-08-22 13:50:27,615 - INFO - 	              (21, 0.16770941368292303),
2026-08-22 13:50:27,615 - INFO - 	              (22, 0.17023775412134734),
2026-08-22 13:50:27,615 - INFO - 	              (23, 0.17031397507637835),
2026-08-22 13:50:27,615 - INFO - 	              (24, 0.1722819995064572),
2026-08-22 13:50:27,615 - INFO - 	              (25, 0.17557692190965393),
2026-08-22 13:50:27,615 - INFO - 	              (26, 0.17800746795142064),
2026-08-22 13:50:27,615 - INFO - 	              (27, 0.17932309082571948),
2026-08-22 13:50:27,615 - INFO - 	              (28, 0.18394004982151368),
2026-08-22 13:50:27,615 - INFO - 	              (29, 0.1771309707903416),
2026-08-22 13:50:27,615 - INFO - 	              (30, 0.18138517821757302)],
2026-08-22 13:50:27,615 - INFO - 	 'macro_precision': [(1, 0.20118908435059368),
2026-08-22 13:50:27,616 - INFO - 	                     (2, 0.19002510934529257),
2026-08-22 13:50:27,616 - INFO - 	                     (3, 0.16611287510304384),
2026-08-22 13:50:27,616 - INFO - 	                     (4, 0.167009205631843),
2026-08-22 13:50:27,616 - INFO - 	                     (5, 0.1671555220271844),
2026-08-22 13:50:27,616 - INFO - 	                     (6, 0.1682015285324062),
2026-08-22 13:50:27,616 - INFO - 	                     (7, 0.16888865810662793),
2026-08-22 13:50:27,616 - INFO - 	                     (8, 0.16900388228586286),
2026-08-22 13:50:27,616 - INFO - 	                     (9, 0.16918520776609755),
2026-08-22 13:50:27,616 - INFO - 	                     (10, 0.1687799123504523),
2026-08-22 13:50:27,616 - INFO - 	                     (11, 0.16937377528934514),
2026-08-22 13:50:27,616 - INFO - 	                     (12, 0.1696101179246544),
2026-08-22 13:50:27,616 - INFO - 	                     (13, 0.16977886257071653),
2026-08-22 13:50:27,616 - INFO - 	                     (14, 0.1699155411471979),
2026-08-22 13:50:27,616 - INFO - 	                     (15, 0.169995614526808),
2026-08-22 13:50:27,616 - INFO - 	                     (16, 0.1699992132136772),
2026-08-22 13:50:27,616 - INFO - 	                     (17, 0.1699649696905968),
2026-08-22 13:50:27,616 - INFO - 	                     (18, 0.17013216284886154),
2026-08-22 13:50:27,616 - INFO - 	                     (19, 0.16975781964190717),
2026-08-22 13:50:27,617 - INFO - 	                     (20, 0.17040149852897454),
2026-08-22 13:50:27,617 - INFO - 	                     (21, 0.17002760240689307),
2026-08-22 13:50:27,617 - INFO - 	                     (22, 0.17077482347760628),
2026-08-22 13:50:27,617 - INFO - 	                     (23, 0.17074968180953107),
2026-08-22 13:50:27,617 - INFO - 	                     (24, 0.2131174808564998),
2026-08-22 13:50:27,617 - INFO - 	                     (25, 0.17654457650764901),
2026-08-22 13:50:27,617 - INFO - 	                     (26, 0.17646900730615725),
2026-08-22 13:50:27,617 - INFO - 	                     (27, 0.17564334872089937),
2026-08-22 13:50:27,617 - INFO - 	                     (28, 0.17765615134812454),
2026-08-22 13:50:27,617 - INFO - 	                     (29, 0.17468721700090747),
2026-08-22 13:50:27,617 - INFO - 	                     (30, 0.1767550423358688)],
2026-08-22 13:50:27,617 - INFO - 	 'macro_recall': [(1, 0.25247284319899227),
2026-08-22 13:50:27,617 - INFO - 	                  (2, 0.20914806114001303),
2026-08-22 13:50:27,617 - INFO - 	                  (3, 0.16495395468247245),
2026-08-22 13:50:27,617 - INFO - 	                  (4, 0.19143121025927037),
2026-08-22 13:50:27,617 - INFO - 	                  (5, 0.1921479543918377),
2026-08-22 13:50:27,617 - INFO - 	                  (6, 0.22576924456989209),
2026-08-22 13:50:27,618 - INFO - 	                  (7, 0.24366000722312586),
2026-08-22 13:50:27,618 - INFO - 	                  (8, 0.24432084928814357),
2026-08-22 13:50:27,618 - INFO - 	                  (9, 0.24466819521099872),
2026-08-22 13:50:27,618 - INFO - 	                  (10, 0.24064071314747362),
2026-08-22 13:50:27,618 - INFO - 	                  (11, 0.24045944821614743),
2026-08-22 13:50:27,618 - INFO - 	                  (12, 0.2405686650774813),
2026-08-22 13:50:27,618 - INFO - 	                  (13, 0.24130949589483422),
2026-08-22 13:50:27,618 - INFO - 	                  (14, 0.24128303876009496),
2026-08-22 13:50:27,618 - INFO - 	                  (15, 0.2414724681428404),
2026-08-22 13:50:27,618 - INFO - 	                  (16, 0.24141750054742192),
2026-08-22 13:50:27,618 - INFO - 	                  (17, 0.24232201764216574),
2026-08-22 13:50:27,618 - INFO - 	                  (18, 0.2418185460129955),
2026-08-22 13:50:27,618 - INFO - 	                  (19, 0.24118387131092045),
2026-08-22 13:50:27,618 - INFO - 	                  (20, 0.2425636833162421),
2026-08-22 13:50:27,618 - INFO - 	                  (21, 0.24212774963423225),
2026-08-22 13:50:27,618 - INFO - 	                  (22, 0.24351364984589394),
2026-08-22 13:50:27,618 - INFO - 	                  (23, 0.24355210253740486),
2026-08-22 13:50:27,618 - INFO - 	                  (24, 0.24487318861528184),
2026-08-22 13:50:27,618 - INFO - 	                  (25, 0.24666232635652205),
2026-08-22 13:50:27,618 - INFO - 	                  (26, 0.2479243217632933),
2026-08-22 13:50:27,618 - INFO - 	                  (27, 0.251543278856724),
2026-08-22 13:50:27,619 - INFO - 	                  (28, 0.25466828469024433),
2026-08-22 13:50:27,619 - INFO - 	                  (29, 0.26518323615365164),
2026-08-22 13:50:27,619 - INFO - 	                  (30, 0.2709091400141223)],
2026-08-22 13:50:27,619 - INFO - 	 'micro_f1': [(1, 0.9886737602807565),
2026-08-22 13:50:27,619 - INFO - 	              (2, 0.9892000906038184),
2026-08-22 13:50:27,619 - INFO - 	              (3, 0.9180084047502343),
2026-08-22 13:50:27,619 - INFO - 	              (4, 0.8734139953832271),
2026-08-22 13:50:27,619 - INFO - 	              (5, 0.8712057000447039),
2026-08-22 13:50:27,619 - INFO - 	              (6, 0.8717705086381811),
2026-08-22 13:50:27,619 - INFO - 	              (7, 0.8806270628611761),
2026-08-22 13:50:27,619 - INFO - 	              (8, 0.8861151125467966),
2026-08-22 13:50:27,619 - INFO - 	              (9, 0.894093647437689),
2026-08-22 13:50:27,619 - INFO - 	              (10, 0.8819962221724374),
2026-08-22 13:50:27,619 - INFO - 	              (11, 0.9072761837542074),
2026-08-22 13:50:27,619 - INFO - 	              (12, 0.9141967449003366),
2026-08-22 13:50:27,619 - INFO - 	              (13, 0.9177466095580834),
2026-08-22 13:50:27,619 - INFO - 	              (14, 0.9210272216251406),
2026-08-22 13:50:27,619 - INFO - 	              (15, 0.9226476452334917),
2026-08-22 13:50:27,619 - INFO - 	              (16, 0.9227702277110688),
2026-08-22 13:50:27,620 - INFO - 	              (17, 0.9210195497966119),
2026-08-22 13:50:27,620 - INFO - 	              (18, 0.9251609553199139),
2026-08-22 13:50:27,620 - INFO - 	              (19, 0.917256970588854),
2026-08-22 13:50:27,620 - INFO - 	              (20, 0.9296028963868809),
2026-08-22 13:50:27,620 - INFO - 	              (21, 0.9226653476204383),
2026-08-22 13:50:27,620 - INFO - 	              (22, 0.935265873293176),
2026-08-22 13:50:27,620 - INFO - 	              (23, 0.9354950989524118),
2026-08-22 13:50:27,620 - INFO - 	              (24, 0.943355673523288),
2026-08-22 13:50:27,620 - INFO - 	              (25, 0.9529013342572565),
2026-08-22 13:50:27,620 - INFO - 	              (26, 0.9565197688606722),
2026-08-22 13:50:27,620 - INFO - 	              (27, 0.9524848159145936),
2026-08-22 13:50:27,620 - INFO - 	              (28, 0.9606084960831146),
2026-08-22 13:50:27,620 - INFO - 	              (29, 0.9328479607267185),
2026-08-22 13:50:27,620 - INFO - 	              (30, 0.9413754125662788)],
2026-08-22 13:50:27,620 - INFO - 	 'micro_precision': [(1, 0.9886737602807565),
2026-08-22 13:50:27,621 - INFO - 	                     (2, 0.9892000906038184),
2026-08-22 13:50:27,621 - INFO - 	                     (3, 0.9180084047502343),
2026-08-22 13:50:27,621 - INFO - 	                     (4, 0.8734139953832271),
2026-08-22 13:50:27,621 - INFO - 	                     (5, 0.8712057000447039),
2026-08-22 13:50:27,621 - INFO - 	                     (6, 0.8717705086381811),
2026-08-22 13:50:27,621 - INFO - 	                     (7, 0.8806270628611761),
2026-08-22 13:50:27,621 - INFO - 	                     (8, 0.8861151125467966),
2026-08-22 13:50:27,621 - INFO - 	                     (9, 0.894093647437689),
2026-08-22 13:50:27,621 - INFO - 	                     (10, 0.8819962221724374),
2026-08-22 13:50:27,621 - INFO - 	                     (11, 0.9072761837542074),
2026-08-22 13:50:27,621 - INFO - 	                     (12, 0.9141967449003366),
2026-08-22 13:50:27,621 - INFO - 	                     (13, 0.9177466095580834),
2026-08-22 13:50:27,621 - INFO - 	                     (14, 0.9210272216251406),
2026-08-22 13:50:27,621 - INFO - 	                     (15, 0.9226476452334917),
2026-08-22 13:50:27,622 - INFO - 	                     (16, 0.9227702277110688),
2026-08-22 13:50:27,622 - INFO - 	                     (17, 0.9210195497966119),
2026-08-22 13:50:27,622 - INFO - 	                     (18, 0.9251609553199139),
2026-08-22 13:50:27,622 - INFO - 	                     (19, 0.917256970588854),
2026-08-22 13:50:27,622 - INFO - 	                     (20, 0.9296028963868809),
2026-08-22 13:50:27,622 - INFO - 	                     (21, 0.9226653476204383),
2026-08-22 13:50:27,622 - INFO - 	                     (22, 0.935265873293176),
2026-08-22 13:50:27,622 - INFO - 	                     (23, 0.9354950989524118),
2026-08-22 13:50:27,622 - INFO - 	                     (24, 0.943355673523288),
2026-08-22 13:50:27,622 - INFO - 	                     (25, 0.9529013342572565),
2026-08-22 13:50:27,622 - INFO - 	                     (26, 0.9565197688606722),
2026-08-22 13:50:27,622 - INFO - 	                     (27, 0.9524848159145936),
2026-08-22 13:50:27,622 - INFO - 	                     (28, 0.9606084960831146),
2026-08-22 13:50:27,622 - INFO - 	                     (29, 0.9328479607267185),
2026-08-22 13:50:27,622 - INFO - 	                     (30, 0.9413754125662788)],
2026-08-22 13:50:27,622 - INFO - 	 'micro_recall': [(1, 0.9886737602807565),
2026-08-22 13:50:27,623 - INFO - 	                  (2, 0.9892000906038184),
2026-08-22 13:50:27,623 - INFO - 	                  (3, 0.9180084047502343),
2026-08-22 13:50:27,623 - INFO - 	                  (4, 0.8734139953832271),
2026-08-22 13:50:27,623 - INFO - 	                  (5, 0.8712057000447039),
2026-08-22 13:50:27,623 - INFO - 	                  (6, 0.8717705086381811),
2026-08-22 13:50:27,623 - INFO - 	                  (7, 0.8806270628611761),
2026-08-22 13:50:27,623 - INFO - 	                  (8, 0.8861151125467966),
2026-08-22 13:50:27,623 - INFO - 	                  (9, 0.894093647437689),
2026-08-22 13:50:27,623 - INFO - 	                  (10, 0.8819962221724374),
2026-08-22 13:50:27,623 - INFO - 	                  (11, 0.9072761837542074),
2026-08-22 13:50:27,623 - INFO - 	                  (12, 0.9141967449003366),
2026-08-22 13:50:27,623 - INFO - 	                  (13, 0.9177466095580834),
2026-08-22 13:50:27,623 - INFO - 	                  (14, 0.9210272216251406),
2026-08-22 13:50:27,623 - INFO - 	                  (15, 0.9226476452334917),
2026-08-22 13:50:27,623 - INFO - 	                  (16, 0.9227702277110688),
2026-08-22 13:50:27,623 - INFO - 	                  (17, 0.9210195497966119),
2026-08-22 13:50:27,623 - INFO - 	                  (18, 0.9251609553199139),
2026-08-22 13:50:27,623 - INFO - 	                  (19, 0.917256970588854),
2026-08-22 13:50:27,623 - INFO - 	                  (20, 0.9296028963868809),
2026-08-22 13:50:27,623 - INFO - 	                  (21, 0.9226653476204383),
2026-08-22 13:50:27,623 - INFO - 	                  (22, 0.935265873293176),
2026-08-22 13:50:27,623 - INFO - 	                  (23, 0.9354950989524118),
2026-08-22 13:50:27,623 - INFO - 	                  (24, 0.943355673523288),
2026-08-22 13:50:27,623 - INFO - 	                  (25, 0.9529013342572565),
2026-08-22 13:50:27,623 - INFO - 	                  (26, 0.9565197688606722),
2026-08-22 13:50:27,623 - INFO - 	                  (27, 0.9524848159145936),
2026-08-22 13:50:27,623 - INFO - 	                  (28, 0.9606084960831146),
2026-08-22 13:50:27,623 - INFO - 	                  (29, 0.9328479607267185),
2026-08-22 13:50:27,624 - INFO - 	                  (30, 0.9413754125662788)],
2026-08-22 13:50:27,624 - INFO - 	 'weighted_f1': [(1, 0.9889335821556403),
2026-08-22 13:50:27,624 - INFO - 	                 (2, 0.9888039328549384),
2026-08-22 13:50:27,624 - INFO - 	                 (3, 0.9512781969814975),
2026-08-22 13:50:27,624 - INFO - 	                 (4, 0.9267067994040759),
2026-08-22 13:50:27,624 - INFO - 	                 (5, 0.9258307291999833),
2026-08-22 13:50:27,624 - INFO - 	                 (6, 0.9261441845771808),
2026-08-22 13:50:27,624 - INFO - 	                 (7, 0.9311102723414774),
2026-08-22 13:50:27,624 - INFO - 	                 (8, 0.9341456006194269),
2026-08-22 13:50:27,624 - INFO - 	                 (9, 0.9385595443724174),
2026-08-22 13:50:27,624 - INFO - 	                 (10, 0.9317720620021217),
2026-08-22 13:50:27,624 - INFO - 	                 (11, 0.9457880521681247),
2026-08-22 13:50:27,624 - INFO - 	                 (12, 0.9495710565822405),
2026-08-22 13:50:27,624 - INFO - 	                 (13, 0.9515052258049141),
2026-08-22 13:50:27,624 - INFO - 	                 (14, 0.953288004789997),
2026-08-22 13:50:27,624 - INFO - 	                 (15, 0.9541612306698044),
2026-08-22 13:50:27,624 - INFO - 	                 (16, 0.954229885459425),
2026-08-22 13:50:27,624 - INFO - 	                 (17, 0.9532900226242514),
2026-08-22 13:50:27,624 - INFO - 	                 (18, 0.955523830680695),
2026-08-22 13:50:27,624 - INFO - 	                 (19, 0.9512540594140322),
2026-08-22 13:50:27,624 - INFO - 	                 (20, 0.9579131209189177),
2026-08-22 13:50:27,624 - INFO - 	                 (21, 0.9541716942952166),
2026-08-22 13:50:27,624 - INFO - 	                 (22, 0.9608242470349003),
2026-08-22 13:50:27,624 - INFO - 	                 (23, 0.9607330519563446),
2026-08-22 13:50:27,624 - INFO - 	                 (24, 0.9648590640302054),
2026-08-22 13:50:27,624 - INFO - 	                 (25, 0.9699294008123222),
2026-08-22 13:50:27,624 - INFO - 	                 (26, 0.9718198297182405),
2026-08-22 13:50:27,625 - INFO - 	                 (27, 0.9697408488151319),
2026-08-22 13:50:27,625 - INFO - 	                 (28, 0.9740076246601298),
2026-08-22 13:50:27,625 - INFO - 	                 (29, 0.9593431656114703),
2026-08-22 13:50:27,625 - INFO - 	                 (30, 0.9639223122426198)],
2026-08-22 13:50:27,625 - INFO - 	 'weighted_precision': [(1, 0.989647946210651),
2026-08-22 13:50:27,625 - INFO - 	                        (2, 0.9885194115983822),
2026-08-22 13:50:27,625 - INFO - 	                        (3, 0.9872817818253352),
2026-08-22 13:50:27,625 - INFO - 	                        (4, 0.988032151304279),
2026-08-22 13:50:27,625 - INFO - 	                        (5, 0.9889073577369573),
2026-08-22 13:50:27,625 - INFO - 	                        (6, 0.9897300078834214),
2026-08-22 13:50:27,625 - INFO - 	                        (7, 0.9900599957276902),
2026-08-22 13:50:27,625 - INFO - 	                        (8, 0.9899623396447055),
2026-08-22 13:50:27,625 - INFO - 	                        (9, 0.9898807244880594),
2026-08-22 13:50:27,625 - INFO - 	                        (10, 0.989738522974034),
2026-08-22 13:50:27,625 - INFO - 	                        (11, 0.9896764700681182),
2026-08-22 13:50:27,625 - INFO - 	                        (12, 0.989684428162408),
2026-08-22 13:50:27,625 - INFO - 	                        (13, 0.9897118249576295),
2026-08-22 13:50:27,625 - INFO - 	                        (14, 0.9897245766763122),
2026-08-22 13:50:27,625 - INFO - 	                        (15, 0.9897238751871552),
2026-08-22 13:50:27,625 - INFO - 	                        (16, 0.989728080173561),
2026-08-22 13:50:27,625 - INFO - 	                        (17, 0.9897600830565689),
2026-08-22 13:50:27,625 - INFO - 	                        (18, 0.989747462996951),
2026-08-22 13:50:27,625 - INFO - 	                        (19, 0.9897405865567214),
2026-08-22 13:50:27,625 - INFO - 	                        (20, 0.9897682498906423),
2026-08-22 13:50:27,625 - INFO - 	                        (21, 0.9897397298997275),
2026-08-22 13:50:27,626 - INFO - 	                        (22, 0.9895377840510508),
2026-08-22 13:50:27,626 - INFO - 	                        (23, 0.9890840233527795),
2026-08-22 13:50:27,626 - INFO - 	                        (24, 0.9894092061548564),
2026-08-22 13:50:27,626 - INFO - 	                        (25, 0.9891521122743379),
2026-08-22 13:50:27,626 - INFO - 	                        (26, 0.9891246666289875),
2026-08-22 13:50:27,626 - INFO - 	                        (27, 0.9891649924483112),
2026-08-22 13:50:27,626 - INFO - 	                        (28, 0.9891771440009316),
2026-08-22 13:50:27,626 - INFO - 	                        (29, 0.9891417403857827),
2026-08-22 13:50:27,626 - INFO - 	                        (30, 0.9892717217781767)],
2026-08-22 13:50:27,626 - INFO - 	 'weighted_recall': [(1, 0.9886737602807565),
2026-08-22 13:50:27,626 - INFO - 	                     (2, 0.9892000906038184),
2026-08-22 13:50:27,626 - INFO - 	                     (3, 0.9180084047502343),
2026-08-22 13:50:27,626 - INFO - 	                     (4, 0.8734139953832271),
2026-08-22 13:50:27,626 - INFO - 	                     (5, 0.8712057000447039),
2026-08-22 13:50:27,626 - INFO - 	                     (6, 0.8717705086381811),
2026-08-22 13:50:27,626 - INFO - 	                     (7, 0.8806270628611761),
2026-08-22 13:50:27,626 - INFO - 	                     (8, 0.8861151125467966),
2026-08-22 13:50:27,626 - INFO - 	                     (9, 0.894093647437689),
2026-08-22 13:50:27,626 - INFO - 	                     (10, 0.8819962221724374),
2026-08-22 13:50:27,626 - INFO - 	                     (11, 0.9072761837542074),
2026-08-22 13:50:27,626 - INFO - 	                     (12, 0.9141967449003366),
2026-08-22 13:50:27,626 - INFO - 	                     (13, 0.9177466095580834),
2026-08-22 13:50:27,626 - INFO - 	                     (14, 0.9210272216251406),
2026-08-22 13:50:27,626 - INFO - 	                     (15, 0.9226476452334917),
2026-08-22 13:50:27,626 - INFO - 	                     (16, 0.9227702277110688),
2026-08-22 13:50:27,626 - INFO - 	                     (17, 0.9210195497966119),
2026-08-22 13:50:27,626 - INFO - 	                     (18, 0.9251609553199139),
2026-08-22 13:50:27,627 - INFO - 	                     (19, 0.917256970588854),
2026-08-22 13:50:27,627 - INFO - 	                     (20, 0.9296028963868809),
2026-08-22 13:50:27,627 - INFO - 	                     (21, 0.9226653476204383),
2026-08-22 13:50:27,627 - INFO - 	                     (22, 0.935265873293176),
2026-08-22 13:50:27,627 - INFO - 	                     (23, 0.9354950989524118),
2026-08-22 13:50:27,627 - INFO - 	                     (24, 0.943355673523288),
2026-08-22 13:50:27,627 - INFO - 	                     (25, 0.9529013342572565),
2026-08-22 13:50:27,627 - INFO - 	                     (26, 0.9565197688606722),
2026-08-22 13:50:27,627 - INFO - 	                     (27, 0.9524848159145936),
2026-08-22 13:50:27,627 - INFO - 	                     (28, 0.9606084960831146),
2026-08-22 13:50:27,627 - INFO - 	                     (29, 0.9328479607267185),
2026-08-22 13:50:27,627 - INFO - 	                     (30, 0.9413754125662788)]}
2026-08-22 13:50:27,627 - INFO - 
2026-08-22 13:50:27,631 - INFO - Nap global test: /kaggle/input/datasets/tongxuanvu/100clientiov/global_test_data.pt
2026-08-22 13:50:29,495 - INFO - Global test goc: n=42048683
2026-08-22 13:50:31,224 - INFO - Task 2: loc ve lop 0-8 -> n=41987401
2026-08-22 13:50:31,225 - INFO - Danh gia moi round tren n=41987401 mau (dtype=float16)
2026-08-22 13:50:31,235 - INFO - ===== Task 2: 70 client, 30 round =====
2026-08-22 13:50:31,235 - WARNING - DEPRECATED FEATURE: flwr.simulation.start_simulation() is deprecated.
	Instead, use the `flwr run` CLI command to start a local simulation in your Flower app, as shown for example below:

		$ flwr new  # Create a new Flower app from a template

		$ flwr run  # Run the Flower app in Simulation Mode

	Using `start_simulation()` is deprecated.

            This is a deprecated feature. It will be removed
            entirely in future versions of Flower.
        
2026-08-22 13:50:31,236 - INFO - Starting Flower simulation, config: num_rounds=30, no round_timeout
2026-08-22 13:50:41,400 - INFO - Flower VCE: Ray initialized with resources: {'accelerator_type:T4': 1.0, 'GPU': 2.0, 'node:172.19.2.2': 1.0, 'object_store_memory': 8322995404.0, 'memory': 19420322612.0, 'CPU': 4.0, 'node:__internal_head__': 1.0}
2026-08-22 13:50:41,401 - INFO - Optimize your simulation with Flower VCE: https://flower.ai/docs/framework/how-to-run-simulations.html
2026-08-22 13:50:41,401 - INFO - Flower VCE: Resources for each Virtual Client: {'num_cpus': 1.0, 'num_gpus': 0.5}
2026-08-22 13:50:41,419 - INFO - Flower VCE: Creating VirtualClientEngineActorPool with 4 actors
2026-08-22 13:50:41,421 - INFO - [INIT]
2026-08-22 13:50:41,421 - INFO - Using initial global parameters provided by strategy
2026-08-22 13:50:41,421 - INFO - Starting evaluation of initial global parameters
2026-08-22 13:50:41,424 - INFO - Evaluation returned no results (`None`)
2026-08-22 13:50:41,425 - INFO - 
2026-08-22 13:50:41,425 - INFO - [ROUND 1]
2026-08-22 13:50:41,425 - INFO - configure_fit: strategy sampled 70 clients (out of 70)
2026-08-22 13:50:58,152 - INFO - aggregate_fit: received 70 results and 0 failures
2026-08-22 13:50:58,279 - INFO - [Round 1] TOPSIS giu 56/70 | C_i 0.0000..1.0000
2026-08-22 13:50:58,392 - INFO - [Round 1] 8 cum (Eq.14) | giu 40/56 update | diem Krum 1.690e-02..7.598e-01
2026-08-22 13:50:58,397 - INFO - [Round 61] luu checkpoint -> out_1percent/checkpoints/round_061.pth
2026-08-22 14:04:59,051 - INFO - [Round 61] loss=0.4556 acc=0.8994 | micro P/R/F1=0.8994/0.8994/0.8994 | macro P/R/F1=0.1158/0.1856/0.1150 | weighted P/R/F1=0.9886/0.8994/0.9408
2026-08-22 14:04:59,053 - INFO - fit progress: (1, 0.455596394128258, {'accuracy': 0.8993531178555205, 'micro_precision': 0.8993531178555205, 'micro_recall': 0.8993531178555205, 'micro_f1': 0.8993531178555205, 'macro_precision': 0.11578040878503328, 'macro_recall': 0.18562027119985525, 'macro_f1': 0.11497379124491809, 'weighted_precision': 0.9886183346756925, 'weighted_recall': 0.8993531178555205, 'weighted_f1': 0.9408411560031458}, 857.6279150839982)
2026-08-22 14:04:59,053 - INFO - configure_evaluate: no clients selected, skipping evaluation
2026-08-22 14:04:59,053 - INFO - 
2026-08-22 14:04:59,053 - INFO - [ROUND 2]
2026-08-22 14:04:59,053 - INFO - configure_fit: strategy sampled 70 clients (out of 70)
2026-08-22 14:05:00,040 - INFO - aggregate_fit: received 70 results and 0 failures
2026-08-22 14:05:00,162 - INFO - [Round 2] TOPSIS giu 56/70 | C_i 0.0000..1.0000
2026-08-22 14:05:00,260 - INFO - [Round 2] 8 cum (Eq.14) | giu 40/56 update | diem Krum 1.497e-02..1.004e+00
2026-08-22 14:05:00,265 - INFO - [Round 62] luu checkpoint -> out_1percent/checkpoints/round_062.pth
2026-08-22 14:18:53,837 - INFO - [Round 62] loss=0.4985 acc=0.8651 | micro P/R/F1=0.8651/0.8651/0.8651 | macro P/R/F1=0.1137/0.1778/0.1092 | weighted P/R/F1=0.9885/0.8651/0.9216
2026-08-22 14:18:53,839 - INFO - fit progress: (2, 0.49847928967874533, {'accuracy': 0.8651194199898202, 'micro_precision': 0.8651194199898202, 'micro_recall': 0.8651194199898202, 'micro_f1': 0.8651194199898202, 'macro_precision': 0.11373761282359673, 'macro_recall': 0.17780119580573658, 'macro_f1': 0.1091549915653946, 'weighted_precision': 0.9885373169087454, 'weighted_recall': 0.8651194199898202, 'weighted_f1': 0.9215737624891598}, 1692.4141938249995)
2026-08-22 14:18:53,839 - INFO - configure_evaluate: no clients selected, skipping evaluation
2026-08-22 14:18:53,839 - INFO - 
2026-08-22 14:18:53,839 - INFO - [ROUND 3]
2026-08-22 14:18:53,840 - INFO - configure_fit: strategy sampled 70 clients (out of 70)
2026-08-22 14:18:54,812 - INFO - aggregate_fit: received 70 results and 0 failures
2026-08-22 14:18:54,932 - INFO - [Round 3] TOPSIS giu 56/70 | C_i 0.0000..1.0000
2026-08-22 14:18:55,022 - INFO - [Round 3] 8 cum (Eq.14) | giu 40/56 update | diem Krum 1.229e-02..1.048e+00
2026-08-22 14:18:55,028 - INFO - [Round 63] luu checkpoint -> out_1percent/checkpoints/round_063.pth
2026-08-22 14:32:49,729 - INFO - [Round 63] loss=0.5129 acc=0.8561 | micro P/R/F1=0.8561/0.8561/0.8561 | macro P/R/F1=0.1122/0.1439/0.1059 | weighted P/R/F1=0.9874/0.8561/0.9164
2026-08-22 14:32:49,731 - INFO - fit progress: (3, 0.5129338994327144, {'accuracy': 0.8560529145397687, 'micro_precision': 0.8560529145397687, 'micro_recall': 0.8560529145397687, 'micro_f1': 0.8560529145397687, 'macro_precision': 0.11219717998338233, 'macro_recall': 0.14394018252508464, 'macro_f1': 0.10586017756840474, 'weighted_precision': 0.9873996953099685, 'weighted_recall': 0.8560529145397687, 'weighted_f1': 0.9163673144954934}, 2528.3061436040007)
2026-08-22 14:32:49,731 - INFO - configure_evaluate: no clients selected, skipping evaluation
2026-08-22 14:32:49,731 - INFO - 
2026-08-22 14:32:49,731 - INFO - [ROUND 4]
2026-08-22 14:32:49,732 - INFO - configure_fit: strategy sampled 70 clients (out of 70)
2026-08-22 14:32:50,690 - INFO - aggregate_fit: received 70 results and 0 failures
2026-08-22 14:32:50,810 - INFO - [Round 4] TOPSIS giu 56/70 | C_i 0.0000..1.0000
2026-08-22 14:32:50,907 - INFO - [Round 4] 8 cum (Eq.14) | giu 40/56 update | diem Krum 1.691e-02..1.074e+00
2026-08-22 14:32:50,912 - INFO - [Round 64] luu checkpoint -> out_1percent/checkpoints/round_064.pth
2026-08-22 14:46:44,771 - INFO - [Round 64] loss=0.5063 acc=0.8678 | micro P/R/F1=0.8678/0.8678/0.8678 | macro P/R/F1=0.1127/0.1549/0.1075 | weighted P/R/F1=0.9878/0.8678/0.9231
2026-08-22 14:46:44,773 - INFO - fit progress: (4, 0.5063211676138527, {'accuracy': 0.8678285183691175, 'micro_precision': 0.8678285183691175, 'micro_recall': 0.8678285183691175, 'micro_f1': 0.8678285183691175, 'macro_precision': 0.11269528007236401, 'macro_recall': 0.15490726632625523, 'macro_f1': 0.10747381189637778, 'weighted_precision': 0.9878255748380617, 'weighted_recall': 0.8678285183691175, 'weighted_f1': 0.9230963942620906}, 3363.348116609999)
2026-08-22 14:46:44,773 - INFO - configure_evaluate: no clients selected, skipping evaluation
2026-08-22 14:46:44,773 - INFO - 
2026-08-22 14:46:44,773 - INFO - [ROUND 5]
2026-08-22 14:46:44,774 - INFO - configure_fit: strategy sampled 70 clients (out of 70)
2026-08-22 14:46:45,732 - INFO - aggregate_fit: received 70 results and 0 failures
2026-08-22 14:46:45,854 - INFO - [Round 5] TOPSIS giu 56/70 | C_i 0.0000..1.0000
2026-08-22 14:46:45,953 - INFO - [Round 5] 8 cum (Eq.14) | giu 40/56 update | diem Krum 1.206e-02..1.074e+00
2026-08-22 14:46:45,959 - INFO - [Round 65] luu checkpoint -> out_1percent/checkpoints/round_065.pth
2026-08-22 15:00:39,710 - INFO - [Round 65] loss=0.4834 acc=0.8920 | micro P/R/F1=0.8920/0.8920/0.8920 | macro P/R/F1=0.1129/0.1529/0.1094 | weighted P/R/F1=0.9877/0.8920/0.9367
2026-08-22 15:00:42,572 - INFO - Luu out_1percent/confusion_matrix_task2.csv
2026-08-22 15:00:42,573 - INFO - Luu out_1percent/confusion_matrix_task2_normalized.csv
2026-08-22 15:00:51,556 - INFO - Luu out_1percent/classification_report_task2.txt
               precision    recall  f1-score   support

       Benign     0.9945    0.8966    0.9430  41700592
          DoS     0.0178    0.4294    0.0341    145129
       double     0.0000    0.0000    0.0000     12413
force-neutral     0.0000    0.0000    0.0000      5744
      fuzzing     0.0038    0.0501    0.0071     67321
     interval     0.0000    0.0000    0.0000     40542
          rpm     0.0000    0.0000    0.0000      5043
rpm-accessory     0.0000    0.0000    0.0000      3146
        speed     0.0000    0.0000    0.0000      7471

     accuracy                         0.8920  41987401
    macro avg     0.1129    0.1529    0.1094  41987401
 weighted avg     0.9877    0.8920    0.9367  41987401

2026-08-22 15:00:51,909 - INFO - Luu out_1percent/confusion_matrix_task2.png
2026-08-22 15:00:51,910 - INFO - fit progress: (5, 0.48342512112607633, {'accuracy': 0.8920399717048455, 'micro_precision': 0.8920399717048455, 'micro_recall': 0.8920399717048455, 'micro_f1': 0.8920399717048455, 'macro_precision': 0.11289547271574582, 'macro_recall': 0.15289611768278913, 'macro_f1': 0.10935812022877398, 'weighted_precision': 0.9877486063452751, 'weighted_recall': 0.8920399717048455, 'weighted_f1': 0.9366921732273985}, 4210.485509627)
2026-08-22 15:00:51,911 - INFO - configure_evaluate: no clients selected, skipping evaluation
2026-08-22 15:00:51,911 - INFO - 
2026-08-22 15:00:51,911 - INFO - [ROUND 6]
2026-08-22 15:00:51,911 - INFO - configure_fit: strategy sampled 70 clients (out of 70)
2026-08-22 15:00:52,842 - INFO - aggregate_fit: received 70 results and 0 failures
2026-08-22 15:00:52,960 - INFO - [Round 6] TOPSIS giu 56/70 | C_i 0.0000..1.0000
2026-08-22 15:00:53,059 - INFO - [Round 6] 8 cum (Eq.14) | giu 40/56 update | diem Krum 1.483e-02..1.086e+00
2026-08-22 15:00:53,065 - INFO - [Round 66] luu checkpoint -> out_1percent/checkpoints/round_066.pth
2026-08-22 15:14:46,594 - INFO - [Round 66] loss=0.4683 acc=0.9020 | micro P/R/F1=0.9020/0.9020/0.9020 | macro P/R/F1=0.1146/0.1864/0.1129 | weighted P/R/F1=0.9890/0.9020/0.9422
2026-08-22 15:14:46,596 - INFO - fit progress: (6, 0.468308592958167, {'accuracy': 0.9019681880285946, 'micro_precision': 0.9019681880285946, 'micro_recall': 0.9019681880285946, 'micro_f1': 0.9019681880285946, 'macro_precision': 0.11458936212472454, 'macro_recall': 0.18635053057397474, 'macro_f1': 0.11294256729856104, 'weighted_precision': 0.9890039105492899, 'weighted_recall': 0.9019681880285946, 'weighted_f1': 0.9422278948214352}, 5045.171367315001)
2026-08-22 15:14:46,596 - INFO - configure_evaluate: no clients selected, skipping evaluation
2026-08-22 15:14:46,596 - INFO - 
2026-08-22 15:14:46,596 - INFO - [ROUND 7]
2026-08-22 15:14:46,597 - INFO - configure_fit: strategy sampled 70 clients (out of 70)
2026-08-22 15:14:47,553 - INFO - aggregate_fit: received 70 results and 0 failures
2026-08-22 15:14:47,672 - INFO - [Round 7] TOPSIS giu 56/70 | C_i 0.0000..1.0000
2026-08-22 15:14:47,768 - INFO - [Round 7] 8 cum (Eq.14) | giu 40/56 update | diem Krum 1.376e-02..1.037e+00
2026-08-22 15:14:47,773 - INFO - [Round 67] luu checkpoint -> out_1percent/checkpoints/round_067.pth
2026-08-22 15:28:42,147 - INFO - [Round 67] loss=0.4578 acc=0.9124 | micro P/R/F1=0.9124/0.9124/0.9124 | macro P/R/F1=0.1139/0.1673/0.1125 | weighted P/R/F1=0.9883/0.9124/0.9479
2026-08-22 15:28:42,148 - INFO - fit progress: (7, 0.45784121465856253, {'accuracy': 0.9123962685854263, 'micro_precision': 0.9123962685854263, 'micro_recall': 0.9123962685854263, 'micro_f1': 0.9123962685854263, 'macro_precision': 0.11394835421781255, 'macro_recall': 0.1672701389987441, 'macro_f1': 0.11245869661012425, 'weighted_precision': 0.9882938443626432, 'weighted_recall': 0.9123962685854263, 'weighted_f1': 0.947900007157205}, 5880.723784577)
2026-08-22 15:28:42,149 - INFO - configure_evaluate: no clients selected, skipping evaluation
2026-08-22 15:28:42,149 - INFO - 
2026-08-22 15:28:42,149 - INFO - [ROUND 8]
2026-08-22 15:28:42,149 - INFO - configure_fit: strategy sampled 70 clients (out of 70)
2026-08-22 15:28:43,101 - INFO - aggregate_fit: received 70 results and 0 failures
2026-08-22 15:28:43,219 - INFO - [Round 8] TOPSIS giu 56/70 | C_i 0.0000..1.0000
2026-08-22 15:28:43,332 - INFO - [Round 8] 8 cum (Eq.14) | giu 40/56 update | diem Krum 1.086e-02..1.097e+00
2026-08-22 15:28:43,340 - INFO - [Round 68] luu checkpoint -> out_1percent/checkpoints/round_068.pth
2026-08-22 15:42:36,419 - INFO - [Round 68] loss=0.4660 acc=0.8942 | micro P/R/F1=0.8942/0.8942/0.8942 | macro P/R/F1=0.1142/0.1888/0.1117 | weighted P/R/F1=0.9892/0.8942/0.9380
2026-08-22 15:42:36,421 - INFO - fit progress: (8, 0.4660436839065881, {'accuracy': 0.8942318196832426, 'micro_precision': 0.8942318196832426, 'micro_recall': 0.8942318196832426, 'micro_f1': 0.8942318196832426, 'macro_precision': 0.11417584393872263, 'macro_recall': 0.18879680320627135, 'macro_f1': 0.1116567072910463, 'weighted_precision': 0.9891992755286055, 'weighted_recall': 0.8942318196832426, 'weighted_f1': 0.9379644103778245}, 6714.996203500999)
2026-08-22 15:42:36,421 - INFO - configure_evaluate: no clients selected, skipping evaluation
2026-08-22 15:42:36,421 - INFO - 
2026-08-22 15:42:36,421 - INFO - [ROUND 9]
2026-08-22 15:42:36,422 - INFO - configure_fit: strategy sampled 70 clients (out of 70)
2026-08-22 15:42:37,368 - INFO - aggregate_fit: received 70 results and 0 failures
2026-08-22 15:42:37,496 - INFO - [Round 9] TOPSIS giu 56/70 | C_i 0.0000..1.0000
2026-08-22 15:42:37,598 - INFO - [Round 9] 8 cum (Eq.14) | giu 40/56 update | diem Krum 1.181e-02..8.785e-01
2026-08-22 15:42:37,605 - INFO - [Round 69] luu checkpoint -> out_1percent/checkpoints/round_069.pth
2026-08-22 15:56:31,118 - INFO - [Round 69] loss=0.4579 acc=0.9013 | micro P/R/F1=0.9013/0.9013/0.9013 | macro P/R/F1=0.1140/0.1805/0.1118 | weighted P/R/F1=0.9888/0.9013/0.9418
2026-08-22 15:56:31,120 - INFO - fit progress: (9, 0.45789939681444736, {'accuracy': 0.9013164925354632, 'micro_precision': 0.9013164925354632, 'micro_recall': 0.9013164925354632, 'micro_f1': 0.9013164925354632, 'macro_precision': 0.11398572022190451, 'macro_recall': 0.18052716838968652, 'macro_f1': 0.11177150520783524, 'weighted_precision': 0.9887932321171891, 'weighted_recall': 0.9013164925354632, 'weighted_f1': 0.9418287061824062}, 7549.695017227998)
2026-08-22 15:56:31,120 - INFO - configure_evaluate: no clients selected, skipping evaluation
2026-08-22 15:56:31,120 - INFO - 
2026-08-22 15:56:31,120 - INFO - [ROUND 10]
2026-08-22 15:56:31,120 - INFO - configure_fit: strategy sampled 70 clients (out of 70)
2026-08-22 15:56:32,059 - INFO - aggregate_fit: received 70 results and 0 failures
2026-08-22 15:56:32,176 - INFO - [Round 10] TOPSIS giu 56/70 | C_i 0.0000..1.0000
2026-08-22 15:56:32,268 - INFO - [Round 10] 8 cum (Eq.14) | giu 40/56 update | diem Krum 1.442e-02..9.320e-01
2026-08-22 15:56:32,273 - INFO - [Round 70] luu checkpoint -> out_1percent/checkpoints/round_070.pth
2026-08-22 16:10:25,475 - INFO - [Round 70] loss=0.4608 acc=0.8811 | micro P/R/F1=0.8811/0.8811/0.8811 | macro P/R/F1=0.1136/0.1868/0.1097 | weighted P/R/F1=0.9892/0.8811/0.9306
2026-08-22 16:10:28,282 - INFO - Luu out_1percent/confusion_matrix_task2.csv
2026-08-22 16:10:28,282 - INFO - Luu out_1percent/confusion_matrix_task2_normalized.csv
2026-08-22 16:10:37,173 - INFO - Luu out_1percent/classification_report_task2.txt
               precision    recall  f1-score   support

       Benign     0.9959    0.8844    0.9368  41700592
          DoS     0.0244    0.7890    0.0473    145129
       double     0.0000    0.0000    0.0000     12413
force-neutral     0.0000    0.0000    0.0000      5744
      fuzzing     0.0020    0.0077    0.0031     67321
     interval     0.0000    0.0000    0.0000     40542
          rpm     0.0000    0.0000    0.0000      5043
rpm-accessory     0.0000    0.0000    0.0000      3146
        speed     0.0000    0.0000    0.0000      7471

     accuracy                         0.8811  41987401
    macro avg     0.1136    0.1868    0.1097  41987401
 weighted avg     0.9892    0.8811    0.9306  41987401

2026-08-22 16:10:37,529 - INFO - Luu out_1percent/confusion_matrix_task2.png
2026-08-22 16:10:37,531 - INFO - fit progress: (10, 0.46077773754259005, {'accuracy': 0.8810570104112898, 'micro_precision': 0.8810570104112898, 'micro_recall': 0.8810570104112898, 'micro_f1': 0.8810570104112898, 'macro_precision': 0.11358513436295012, 'macro_recall': 0.18677924370660212, 'macro_f1': 0.10969764295235028, 'weighted_precision': 0.9891963793280097, 'weighted_recall': 0.8810570104112898, 'weighted_f1': 0.9305953568953488}, 8396.105817447002)
2026-08-22 16:10:37,531 - INFO - configure_evaluate: no clients selected, skipping evaluation
2026-08-22 16:10:37,531 - INFO - 
2026-08-22 16:10:37,531 - INFO - [ROUND 11]
2026-08-22 16:10:37,531 - INFO - configure_fit: strategy sampled 70 clients (out of 70)
2026-08-22 16:10:38,878 - INFO - aggregate_fit: received 70 results and 0 failures
2026-08-22 16:10:38,996 - INFO - [Round 11] TOPSIS giu 56/70 | C_i 0.0000..1.0000
2026-08-22 16:10:39,092 - INFO - [Round 11] 8 cum (Eq.14) | giu 40/56 update | diem Krum 1.516e-02..8.762e-01
2026-08-22 16:10:39,098 - INFO - [Round 71] luu checkpoint -> out_1percent/checkpoints/round_071.pth
2026-08-22 16:24:33,811 - INFO - [Round 71] loss=0.4417 acc=0.9014 | micro P/R/F1=0.9014/0.9014/0.9014 | macro P/R/F1=0.1139/0.1820/0.1115 | weighted P/R/F1=0.9889/0.9014/0.9419
2026-08-22 16:24:33,813 - INFO - fit progress: (11, 0.4417337961265976, {'accuracy': 0.9014371715934502, 'micro_precision': 0.9014371715934502, 'micro_recall': 0.9014371715934502, 'micro_f1': 0.9014371715934502, 'macro_precision': 0.11387418901558519, 'macro_recall': 0.18202085833595086, 'macro_f1': 0.11152306369880836, 'weighted_precision': 0.9888970372369134, 'weighted_recall': 0.9014371715934502, 'weighted_f1': 0.9419032762104493}, 9232.387943547998)
2026-08-22 16:24:33,813 - INFO - configure_evaluate: no clients selected, skipping evaluation
2026-08-22 16:24:33,813 - INFO - 
2026-08-22 16:24:33,813 - INFO - [ROUND 12]
2026-08-22 16:24:33,813 - INFO - configure_fit: strategy sampled 70 clients (out of 70)
2026-08-22 16:24:34,756 - INFO - aggregate_fit: received 70 results and 0 failures
2026-08-22 16:24:34,875 - INFO - [Round 12] TOPSIS giu 56/70 | C_i 0.0000..1.0000
2026-08-22 16:24:34,976 - INFO - [Round 12] 8 cum (Eq.14) | giu 40/56 update | diem Krum 1.819e-02..9.194e-01
2026-08-22 16:24:34,982 - INFO - [Round 72] luu checkpoint -> out_1percent/checkpoints/round_072.pth
2026-08-22 16:38:26,785 - INFO - [Round 72] loss=0.4546 acc=0.8695 | micro P/R/F1=0.8695/0.8695/0.8695 | macro P/R/F1=0.1132/0.1842/0.1082 | weighted P/R/F1=0.9891/0.8695/0.9240
2026-08-22 16:38:26,787 - INFO - fit progress: (12, 0.45456409109544665, {'accuracy': 0.8694884210623086, 'micro_precision': 0.8694884210623086, 'micro_recall': 0.8694884210623086, 'micro_f1': 0.8694884210623086, 'macro_precision': 0.11320658405822476, 'macro_recall': 0.18415747235926405, 'macro_f1': 0.10823178844463127, 'weighted_precision': 0.9891179258350522, 'weighted_recall': 0.8694884210623086, 'weighted_f1': 0.9240323266814476}, 10065.361966079)
2026-08-22 16:38:26,787 - INFO - configure_evaluate: no clients selected, skipping evaluation
2026-08-22 16:38:26,787 - INFO - 
2026-08-22 16:38:26,787 - INFO - [ROUND 13]
2026-08-22 16:38:26,787 - INFO - configure_fit: strategy sampled 70 clients (out of 70)
2026-08-22 16:38:27,781 - INFO - aggregate_fit: received 70 results and 0 failures
2026-08-22 16:38:27,898 - INFO - [Round 13] TOPSIS giu 56/70 | C_i 0.0000..1.0000
2026-08-22 16:38:27,993 - INFO - [Round 13] 8 cum (Eq.14) | giu 40/56 update | diem Krum 2.257e-02..8.679e-01
2026-08-22 16:38:27,999 - INFO - [Round 73] luu checkpoint -> out_1percent/checkpoints/round_073.pth
2026-08-22 16:52:21,034 - INFO - [Round 73] loss=0.4420 acc=0.8902 | micro P/R/F1=0.8902/0.8902/0.8902 | macro P/R/F1=0.1137/0.1854/0.1104 | weighted P/R/F1=0.9891/0.8902/0.9357
2026-08-22 16:52:21,035 - INFO - fit progress: (13, 0.44200689581740416, {'accuracy': 0.8902456953694277, 'micro_precision': 0.8902456953694277, 'micro_recall': 0.8902456953694277, 'micro_f1': 0.8902456953694277, 'macro_precision': 0.11365566464695837, 'macro_recall': 0.18541252988977486, 'macro_f1': 0.11037283535624264, 'weighted_precision': 0.9890522950160111, 'weighted_recall': 0.8902456953694277, 'weighted_f1': 0.935701809170877}, 10899.610625171)
2026-08-22 16:52:21,036 - INFO - configure_evaluate: no clients selected, skipping evaluation
2026-08-22 16:52:21,036 - INFO - 
2026-08-22 16:52:21,036 - INFO - [ROUND 14]
2026-08-22 16:52:21,036 - INFO - configure_fit: strategy sampled 70 clients (out of 70)
2026-08-22 16:52:21,985 - INFO - aggregate_fit: received 70 results and 0 failures
2026-08-22 16:52:22,105 - INFO - [Round 14] TOPSIS giu 56/70 | C_i 0.0000..1.0000
2026-08-22 16:52:22,201 - INFO - [Round 14] 8 cum (Eq.14) | giu 40/56 update | diem Krum 2.398e-02..9.130e-01
2026-08-22 16:52:22,206 - INFO - [Round 74] luu checkpoint -> out_1percent/checkpoints/round_074.pth
2026-08-22 17:06:17,124 - INFO - [Round 74] loss=0.4527 acc=0.8560 | micro P/R/F1=0.8560/0.8560/0.8560 | macro P/R/F1=0.1129/0.1820/0.1068 | weighted P/R/F1=0.9890/0.8560/0.9163
2026-08-22 17:06:17,125 - INFO - fit progress: (14, 0.4526848738227934, {'accuracy': 0.8559697705509326, 'micro_precision': 0.8559697705509326, 'micro_recall': 0.8559697705509326, 'micro_f1': 0.8559697705509326, 'macro_precision': 0.11291266205063663, 'macro_recall': 0.18204577999506452, 'macro_f1': 0.10681061093100111, 'weighted_precision': 0.9890384601797203, 'weighted_recall': 0.8559697705509326, 'weighted_f1': 0.9162593603293586}, 11735.700639622002)
2026-08-22 17:06:17,126 - INFO - configure_evaluate: no clients selected, skipping evaluation
2026-08-22 17:06:17,126 - INFO - 
2026-08-22 17:06:17,126 - INFO - [ROUND 15]
2026-08-22 17:06:17,126 - INFO - configure_fit: strategy sampled 70 clients (out of 70)
2026-08-22 17:06:18,090 - INFO - aggregate_fit: received 70 results and 0 failures
2026-08-22 17:06:18,207 - INFO - [Round 15] TOPSIS giu 56/70 | C_i 0.0000..1.0000
2026-08-22 17:06:18,299 - INFO - [Round 15] 8 cum (Eq.14) | giu 40/56 update | diem Krum 2.664e-02..8.543e-01
2026-08-22 17:06:18,305 - INFO - [Round 75] luu checkpoint -> out_1percent/checkpoints/round_075.pth
2026-08-22 17:20:08,017 - INFO - [Round 75] loss=0.4345 acc=0.8835 | micro P/R/F1=0.8835/0.8835/0.8835 | macro P/R/F1=0.1134/0.1849/0.1095 | weighted P/R/F1=0.9890/0.8835/0.9319
2026-08-22 17:20:10,815 - INFO - Luu out_1percent/confusion_matrix_task2.csv
2026-08-22 17:20:10,815 - INFO - Luu out_1percent/confusion_matrix_task2_normalized.csv
2026-08-22 17:20:19,807 - INFO - Luu out_1percent/classification_report_task2.txt
               precision    recall  f1-score   support

       Benign     0.9958    0.8869    0.9382  41700592
          DoS     0.0236    0.7757    0.0458    145129
       double     0.0000    0.0000    0.0000     12413
force-neutral     0.0000    0.0000    0.0000      5744
      fuzzing     0.0015    0.0018    0.0016     67321
     interval     0.0000    0.0000    0.0000     40542
          rpm     0.0000    0.0000    0.0000      5043
rpm-accessory     0.0000    0.0000    0.0000      3146
        speed     0.0000    0.0000    0.0000      7471

     accuracy                         0.8835  41987401
    macro avg     0.1134    0.1849    0.1095  41987401
 weighted avg     0.9890    0.8835    0.9319  41987401

2026-08-22 17:20:20,162 - INFO - Luu out_1percent/confusion_matrix_task2.png
2026-08-22 17:20:20,163 - INFO - fit progress: (15, 0.4345114397274065, {'accuracy': 0.8835344440585879, 'micro_precision': 0.8835344440585879, 'micro_recall': 0.8835344440585879, 'micro_f1': 0.8835344440585879, 'macro_precision': 0.11343182371056144, 'macro_recall': 0.18492863076982435, 'macro_f1': 0.10951607995710531, 'weighted_precision': 0.9890398492750826, 'weighted_recall': 0.8835344440585879, 'weighted_f1': 0.9319390230017824}, 12578.738384110002)
2026-08-22 17:20:20,163 - INFO - configure_evaluate: no clients selected, skipping evaluation
2026-08-22 17:20:20,163 - INFO - 
2026-08-22 17:20:20,164 - INFO - [ROUND 16]
2026-08-22 17:20:20,164 - INFO - configure_fit: strategy sampled 70 clients (out of 70)
2026-08-22 17:20:21,127 - INFO - aggregate_fit: received 70 results and 0 failures
2026-08-22 17:20:21,246 - INFO - [Round 16] TOPSIS giu 56/70 | C_i 0.0000..1.0000
2026-08-22 17:20:21,344 - INFO - [Round 16] 8 cum (Eq.14) | giu 40/56 update | diem Krum 2.023e-02..9.182e-01
2026-08-22 17:20:21,349 - INFO - [Round 76] luu checkpoint -> out_1percent/checkpoints/round_076.pth
2026-08-22 17:34:17,451 - INFO - [Round 76] loss=0.4422 acc=0.8442 | micro P/R/F1=0.8442/0.8442/0.8442 | macro P/R/F1=0.1126/0.1767/0.1055 | weighted P/R/F1=0.9888/0.8442/0.9094
2026-08-22 17:34:17,453 - INFO - fit progress: (16, 0.4422348192634495, {'accuracy': 0.844219269489912, 'micro_precision': 0.844219269489912, 'micro_recall': 0.844219269489912, 'micro_f1': 0.844219269489912, 'macro_precision': 0.11260385784563624, 'macro_recall': 0.17672919326900377, 'macro_f1': 0.10547580221465098, 'weighted_precision': 0.9887705769662762, 'weighted_recall': 0.844219269489912, 'weighted_f1': 0.9093887345253573}, 13416.027797494004)
2026-08-22 17:34:17,453 - INFO - configure_evaluate: no clients selected, skipping evaluation
2026-08-22 17:34:17,453 - INFO - 
2026-08-22 17:34:17,453 - INFO - [ROUND 17]
2026-08-22 17:34:17,453 - INFO - configure_fit: strategy sampled 70 clients (out of 70)
2026-08-22 17:34:18,395 - INFO - aggregate_fit: received 70 results and 0 failures
2026-08-22 17:34:18,514 - INFO - [Round 17] TOPSIS giu 56/70 | C_i 0.0000..1.0000
2026-08-22 17:34:18,606 - INFO - [Round 17] 8 cum (Eq.14) | giu 40/56 update | diem Krum 1.866e-02..8.535e-01
2026-08-22 17:34:18,611 - INFO - [Round 77] luu checkpoint -> out_1percent/checkpoints/round_077.pth
2026-08-22 17:48:12,728 - INFO - [Round 77] loss=0.4212 acc=0.8832 | micro P/R/F1=0.8832/0.8832/0.8832 | macro P/R/F1=0.1132/0.1814/0.1091 | weighted P/R/F1=0.9888/0.8832/0.9317
2026-08-22 17:48:12,730 - INFO - fit progress: (17, 0.4211731071533686, {'accuracy': 0.883225041721444, 'micro_precision': 0.883225041721444, 'micro_recall': 0.883225041721444, 'micro_f1': 0.883225041721444, 'macro_precision': 0.11324677488852232, 'macro_recall': 0.18139751396941944, 'macro_f1': 0.109149597749698, 'weighted_precision': 0.9888208835956871, 'weighted_recall': 0.883225041721444, 'weighted_f1': 0.9317214550614594}, 14251.304914706998)
2026-08-22 17:48:12,730 - INFO - configure_evaluate: no clients selected, skipping evaluation
2026-08-22 17:48:12,730 - INFO - 
2026-08-22 17:48:12,730 - INFO - [ROUND 18]
2026-08-22 17:48:12,730 - INFO - configure_fit: strategy sampled 70 clients (out of 70)
2026-08-22 17:48:13,708 - INFO - aggregate_fit: received 70 results and 0 failures
2026-08-22 17:48:13,826 - INFO - [Round 18] TOPSIS giu 56/70 | C_i 0.0000..1.0000
2026-08-22 17:48:13,923 - INFO - [Round 18] 8 cum (Eq.14) | giu 40/56 update | diem Krum 2.935e-02..9.068e-01
2026-08-22 17:48:13,928 - INFO - [Round 78] luu checkpoint -> out_1percent/checkpoints/round_078.pth
2026-08-22 18:02:08,266 - INFO - [Round 78] loss=0.4372 acc=0.8365 | micro P/R/F1=0.8365/0.8365/0.8365 | macro P/R/F1=0.1122/0.1642/0.1043 | weighted P/R/F1=0.9883/0.8365/0.9049
2026-08-22 18:02:08,268 - INFO - fit progress: (18, 0.43720447081854813, {'accuracy': 0.8365319634811405, 'micro_precision': 0.8365319634811405, 'micro_recall': 0.8365319634811405, 'micro_f1': 0.8365319634811405, 'macro_precision': 0.11219516399464095, 'macro_recall': 0.1642139279996977, 'macro_f1': 0.1042741167553562, 'weighted_precision': 0.9882721433475163, 'weighted_recall': 0.8365319634811405, 'weighted_f1': 0.9048719481803847}, 15086.842938193004)
2026-08-22 18:02:08,268 - INFO - configure_evaluate: no clients selected, skipping evaluation
2026-08-22 18:02:08,268 - INFO - 
2026-08-22 18:02:08,268 - INFO - [ROUND 19]
2026-08-22 18:02:08,268 - INFO - configure_fit: strategy sampled 70 clients (out of 70)
2026-08-22 18:02:09,198 - INFO - aggregate_fit: received 70 results and 0 failures
2026-08-22 18:02:09,316 - INFO - [Round 19] TOPSIS giu 56/70 | C_i 0.0000..1.0000
2026-08-22 18:02:09,415 - INFO - [Round 19] 8 cum (Eq.14) | giu 40/56 update | diem Krum 2.292e-02..8.402e-01
2026-08-22 18:02:09,420 - INFO - [Round 79] luu checkpoint -> out_1percent/checkpoints/round_079.pth
2026-08-22 18:16:06,826 - INFO - [Round 79] loss=0.4147 acc=0.8780 | micro P/R/F1=0.8780/0.8780/0.8780 | macro P/R/F1=0.1127/0.1664/0.1078 | weighted P/R/F1=0.9883/0.8780/0.9288
2026-08-22 18:16:06,827 - INFO - fit progress: (19, 0.4147401363829173, {'accuracy': 0.8779851365413163, 'micro_precision': 0.8779851365413163, 'micro_recall': 0.8779851365413163, 'micro_f1': 0.8779851365413163, 'macro_precision': 0.11268091146064935, 'macro_recall': 0.16637489633771468, 'macro_f1': 0.1078186919180169, 'weighted_precision': 0.9882948309805341, 'weighted_recall': 0.8779851365413163, 'weighted_f1': 0.9287786415021148}, 15925.402623943999)
2026-08-22 18:16:06,828 - INFO - configure_evaluate: no clients selected, skipping evaluation
2026-08-22 18:16:06,828 - INFO - 
2026-08-22 18:16:06,828 - INFO - [ROUND 20]
2026-08-22 18:16:06,828 - INFO - configure_fit: strategy sampled 70 clients (out of 70)
2026-08-22 18:16:07,785 - INFO - aggregate_fit: received 70 results and 0 failures
2026-08-22 18:16:07,907 - INFO - [Round 20] TOPSIS giu 56/70 | C_i 0.0000..1.0000
2026-08-22 18:16:08,001 - INFO - [Round 20] 8 cum (Eq.14) | giu 40/56 update | diem Krum 2.298e-02..8.944e-01
2026-08-22 18:16:08,006 - INFO - [Round 80] luu checkpoint -> out_1percent/checkpoints/round_080.pth
2026-08-22 18:30:03,887 - INFO - [Round 80] loss=0.4301 acc=0.8339 | micro P/R/F1=0.8339/0.8339/0.8339 | macro P/R/F1=0.1119/0.1529/0.1036 | weighted P/R/F1=0.9879/0.8339/0.9033
2026-08-22 18:30:06,796 - INFO - Luu out_1percent/confusion_matrix_task2.csv
2026-08-22 18:30:06,796 - INFO - Luu out_1percent/confusion_matrix_task2_normalized.csv
2026-08-22 18:30:16,271 - INFO - Luu out_1percent/classification_report_task2.txt
               precision    recall  f1-score   support

       Benign     0.9946    0.8378    0.9095  41700592
          DoS     0.0114    0.5377    0.0223    145129
       double     0.0000    0.0000    0.0000     12413
force-neutral     0.0000    0.0000    0.0000      5744
      fuzzing     0.0011    0.0003    0.0005     67321
     interval     0.0000    0.0000    0.0000     40542
          rpm     0.0000    0.0000    0.0000      5043
rpm-accessory     0.0000    0.0000    0.0000      3146
        speed     0.0000    0.0000    0.0000      7471

     accuracy                         0.8339  41987401
    macro avg     0.1119    0.1529    0.1036  41987401
 weighted avg     0.9879    0.8339    0.9033  41987401

2026-08-22 18:30:16,623 - INFO - Luu out_1percent/confusion_matrix_task2.png
2026-08-22 18:30:16,624 - INFO - fit progress: (20, 0.43005910168949096, {'accuracy': 0.8339071522907551, 'micro_precision': 0.8339071522907551, 'micro_recall': 0.8339071522907551, 'micro_f1': 0.8339071522907551, 'macro_precision': 0.11189822248266768, 'macro_recall': 0.15286243910195357, 'macro_f1': 0.10358604255352219, 'weighted_precision': 0.9878576750836959, 'weighted_recall': 0.8339071522907551, 'weighted_f1': 0.9033439024153582}, 16775.199203768003)
2026-08-22 18:30:16,624 - INFO - configure_evaluate: no clients selected, skipping evaluation
2026-08-22 18:30:16,624 - INFO - 
2026-08-22 18:30:16,624 - INFO - [ROUND 21]
2026-08-22 18:30:16,625 - INFO - configure_fit: strategy sampled 70 clients (out of 70)
2026-08-22 18:30:17,601 - INFO - aggregate_fit: received 70 results and 0 failures
2026-08-22 18:30:17,719 - INFO - [Round 21] TOPSIS giu 56/70 | C_i 0.0000..1.0000
2026-08-22 18:30:17,814 - INFO - [Round 21] 8 cum (Eq.14) | giu 40/56 update | diem Krum 2.348e-02..7.635e-01
2026-08-22 18:30:17,819 - INFO - [Round 81] luu checkpoint -> out_1percent/checkpoints/round_081.pth
2026-08-22 18:44:09,790 - INFO - [Round 81] loss=0.4113 acc=0.8514 | micro P/R/F1=0.8514/0.8514/0.8514 | macro P/R/F1=0.1120/0.1530/0.1049 | weighted P/R/F1=0.9878/0.8514/0.9136
2026-08-22 18:44:09,791 - INFO - fit progress: (21, 0.41125617778460555, {'accuracy': 0.8513714625966013, 'micro_precision': 0.8513714625966013, 'micro_recall': 0.8513714625966013, 'micro_f1': 0.8513714625966013, 'macro_precision': 0.1119823129524992, 'macro_recall': 0.15300877383235706, 'macro_f1': 0.10492115116097922, 'weighted_precision': 0.9878400775081887, 'weighted_recall': 0.8513714625966013, 'weighted_f1': 0.9135669605633823}, 17608.366257572)
2026-08-22 18:44:09,791 - INFO - configure_evaluate: no clients selected, skipping evaluation
2026-08-22 18:44:09,791 - INFO - 
2026-08-22 18:44:09,791 - INFO - [ROUND 22]
2026-08-22 18:44:09,792 - INFO - configure_fit: strategy sampled 70 clients (out of 70)
2026-08-22 18:44:10,759 - INFO - aggregate_fit: received 70 results and 0 failures
2026-08-22 18:44:10,880 - INFO - [Round 22] TOPSIS giu 56/70 | C_i 0.0000..1.0000
2026-08-22 18:44:10,978 - INFO - [Round 22] 8 cum (Eq.14) | giu 40/56 update | diem Krum 2.660e-02..8.817e-01
2026-08-22 18:44:10,984 - INFO - [Round 82] luu checkpoint -> out_1percent/checkpoints/round_082.pth
